id,nifti_path,y0,y1,y2,y3,y4
0,/mnt/8tb_slot8/jonas/datasets/CT_nofx/derivatives/sub-ctsr00508/ses-20121124/sub-ctsr00508_ses-20121124_sequ-11_space-aligASL_ct.nii.gz,250.92706,246.69357,242.93185,246.29034,310.5488
1,/mnt/8tb_slot8/jonas/datasets/CT_nofx/derivatives/sub-ctsr00123/ses-20160707/sub-ctsr00123_ses-20160707_sequ-29_space-aligASL_ct.nii.gz,543.2544,537.9745,498.70456,424.18375,523.0556
2,/mnt/8tb_slot8/jonas/datasets/CT_nofx/derivatives/sub-ctsr00952/ses-20170219/sub-ctsr00952_ses-20170219_sequ-4_space-aligASL_ct.nii.gz,735.7592,590.78424,581.515,490.1202,618.4497
3,/mnt/8tb_slot8/jonas/datasets/CT_nofx/derivatives/sub-ctsr00110/ses-20210119/sub-ctsr00110_ses-20210119_sequ-15_space-aligASL_ct.nii.gz,456.46545,289.3778,293.02658,388.48364,685.7763
4,/mnt/8tb_slot8/jonas/datasets/CT_nofx/derivatives/sub-ctsr01920/ses-20200414/sub-ctsr01920_ses-20200414_sequ-11_space-aligASL_ct.nii.gz,713.6631,651.33453,639.417,589.34784,688.0969
5,/mnt/8tb_slot8/jonas/datasets/CT_nofx/derivatives/sub-ctsr01215/ses-20150324/sub-ctsr01215_ses-20150324_sequ-30_space-aligASL_ct.nii.gz,737.47144,723.3588,702.2083,808.823,1070.3293
6,/mnt/8tb_slot8/jonas/datasets/CT_nofx/derivatives/sub-ctsr00672/ses-20160823/sub-ctsr00672_ses-20160823_sequ-14_space-aligASL_ct.nii.gz,541.58215,498.31107,469.55566,419.60187,713.5556
7,/mnt/8tb_slot8/jonas/datasets/CT_nofx/derivatives/sub-ctsr00029/ses-20120801/sub-ctsr00029_ses-20120801_sequ-15_space-aligASL_ct.nii.gz,366.1032,342.7318,313.38257,319.39325,419.15967
8,/mnt/8tb_slot8/jonas/datasets/CT_nofx/derivatives/sub-ctsr00478/ses-20200412/sub-ctsr00478_ses-20200412_sequ-15_space-aligASL_ct.nii.gz,515.5903,488.06674,493.83347,429.66653,556.6544
9,/mnt/8tb_slot8/jonas/datasets/CT_nofx/derivatives/sub-ctsr02646/ses-20171123/sub-ctsr02646_ses-20171123_sequ-15_space-aligASL_ct.nii.gz,920.5877,826.908,678.5864,918.3143,1436.7004
10,/mnt/8tb_slot8/jonas/datasets/CT_nofx/derivatives/sub-ctsr01675/ses-20141111/sub-ctsr01675_ses-20141111_sequ-15_space-aligASL_ct.nii.gz,838.12915,783.7721,712.6085,678.0098,827.2607
11,/mnt/8tb_slot8/jonas/datasets/CT_nofx/derivatives/sub-ctsr02259/ses-20071021/sub-ctsr02259_ses-20071021_sequ-27_space-aligASL_ct.nii.gz,583.85535,523.5963,471.3937,445.98276,672.1842
12,/mnt/8tb_slot8/jonas/datasets/CT_nofx/derivatives/sub-ctsr00525/ses-20180807/sub-ctsr00525_ses-20180807_sequ-601_space-aligASL_ct.nii.gz,827.18536,814.86224,711.88275,739.6429,1065.4618
13,/mnt/8tb_slot8/jonas/datasets/CT_nofx/derivatives/sub-ctsr02465/ses-20190215/sub-ctsr02465_ses-20190215_sequ-18_space-aligASL_ct.nii.gz,1088.2097,1016.4706,902.80646,758.9209,964.9807
14,/mnt/8tb_slot8/jonas/datasets/CT_nofx/derivatives/sub-ctsr00016/ses-20070815/sub-ctsr00016_ses-20070815_sequ-15_space-aligASL_ct.nii.gz,322.3811,267.47876,244.51546,264.64038,296.48557
15,/mnt/8tb_slot8/jonas/datasets/CT_nofx/derivatives/sub-ctsr01151/ses-20180312/sub-ctsr01151_ses-20180312_sequ-21_space-aligASL_ct.nii.gz,846.323,788.40936,672.77454,723.1676,957.6865
16,/mnt/8tb_slot8/jonas/datasets/CT_nofx/derivatives/sub-ctsr01025/ses-20170704/sub-ctsr01025_ses-20170704_sequ-8_space-aligASL_ct.nii.gz,645.5752,603.70764,551.2467,464.87253,655.4252
17,/mnt/8tb_slot8/jonas/datasets/CT_nofx/derivatives/sub-ctsr01645/ses-20210202/sub-ctsr01645_ses-20210202_sequ-26_space-aligASL_ct.nii.gz,693.6339,639.732,524.71533,492.9502,512.9536
18,/mnt/8tb_slot8/jonas/datasets/CT_nofx/derivatives/sub-ctsr00828/ses-20110221/sub-ctsr00828_ses-20110221_sequ-17_space-aligASL_ct.nii.gz,819.93164,751.50684,603.28186,580.84686,557.8307
19,/mnt/8tb_slot8/jonas/datasets/CT_nofx/derivatives/sub-ctsr00735/ses-20210219/sub-ctsr00735_ses-20210219_sequ-11_space-aligASL_ct.nii.gz,777.6768,728.2197,692.9293,551.085,754.92413
20,/mnt/8tb_slot8/jonas/datasets/CT_nofx/derivatives/sub-ctsr02486/ses-20141230/sub-ctsr02486_ses-20141230_sequ-5_space-aligASL_ct.nii.gz,569.9736,532.48065,545.0203,450.5156,782.28436
21,/mnt/8tb_slot8/jonas/datasets/CT_nofx/derivatives/sub-ctsr01439/ses-20160607/sub-ctsr01439_ses-20160607_sequ-17_space-aligASL_ct.nii.gz,517.1317,470.26865,398.5985,407.93893,661.96954
22,/mnt/8tb_slot8/jonas/datasets/CT_nofx/derivatives/sub-ctsr01104/ses-20191210/sub-ctsr01104_ses-20191210_sequ-18_space-aligASL_ct.nii.gz,423.66223,397.63394,398.22885,418.5425,606.2018
23,/mnt/8tb_slot8/jonas/datasets/CT_nofx/derivatives/sub-ctsr00046/ses-20160126/sub-ctsr00046_ses-20160126_sequ-23_space-aligASL_ct.nii.gz,584.5587,545.352,409.78345,418.57797,577.1168
24,/mnt/8tb_slot8/jonas/datasets/CT_nofx/derivatives/sub-ctsr00572/ses-20160503/sub-ctsr00572_ses-20160503_sequ-23_space-aligASL_ct.nii.gz,628.2479,581.787,528.8791,528.6986,652.02136
25,/mnt/8tb_slot8/jonas/datasets/CT_nofx/derivatives/sub-ctsr02195/ses-20150902/sub-ctsr02195_ses-20150902_sequ-13_space-aligASL_ct.nii.gz,322.71313,327.3233,341.0305,364.32697,443.67294
26,/mnt/8tb_slot8/jonas/datasets/CT_nofx/derivatives/sub-ctsr00165/ses-20140321/sub-ctsr00165_ses-20140321_sequ-15_space-aligASL_ct.nii.gz,761.0732,676.5918,592.23737,552.6983,613.02094
27,/mnt/8tb_slot8/jonas/datasets/CT_nofx/derivatives/sub-ctsr00678/ses-20150910/sub-ctsr00678_ses-20150910_sequ-16_space-aligASL_ct.nii.gz,912.1303,837.95917,745.13745,616.5898,805.3446
28,/mnt/8tb_slot8/jonas/datasets/CT_nofx/derivatives/sub-ctsr00982/ses-20180720/sub-ctsr00982_ses-20180720_sequ-9_space-aligASL_ct.nii.gz,1243.5399,1159.9902,1050.6124,930.25995,977.9598
29,/mnt/8tb_slot8/jonas/datasets/CT_nofx/derivatives/sub-ctsr01608/ses-20180523/sub-ctsr01608_ses-20180523_sequ-22_space-aligASL_ct.nii.gz,776.6268,784.0615,741.8281,671.6728,1087.2598
30,/mnt/8tb_slot8/jonas/datasets/CT_nofx/derivatives/sub-ctsr00778/ses-20181217/sub-ctsr00778_ses-20181217_sequ-15_space-aligASL_ct.nii.gz,514.2088,473.37845,432.88623,287.37546,353.71884
31,/mnt/8tb_slot8/jonas/datasets/CT_nofx/derivatives/sub-ctsr02666/ses-20081122/sub-ctsr02666_ses-20081122_sequ-10_space-aligASL_ct.nii.gz,326.58545,320.05466,330.03815,307.884,378.94397
32,/mnt/8tb_slot8/jonas/datasets/CT_nofx/derivatives/sub-ctsr00025/ses-20160918/sub-ctsr00025_ses-20160918_sequ-19_space-aligASL_ct.nii.gz,526.4369,503.19846,476.37048,446.45746,541.1222
33,/mnt/8tb_slot8/jonas/datasets/CT_nofx/derivatives/sub-ctsr00161/ses-20160727/sub-ctsr00161_ses-20160727_sequ-14_space-aligASL_ct.nii.gz,643.4742,585.46014,517.28253,437.82816,537.91547
34,/mnt/8tb_slot8/jonas/datasets/CT_nofx/derivatives/sub-ctsr00143/ses-20070923/sub-ctsr00143_ses-20070923_sequ-11_space-aligASL_ct.nii.gz,559.50574,515.43176,472.08286,423.11835,498.05966
35,/mnt/8tb_slot8/jonas/datasets/CT_nofx/derivatives/sub-ctsr01859/ses-20160508/sub-ctsr01859_ses-20160508_sequ-10_space-aligASL_ct.nii.gz,602.0494,620.72754,638.45105,691.4518,927.72943
36,/mnt/8tb_slot8/jonas/datasets/CT_nofx/derivatives/sub-ctsr01162/ses-20170803/sub-ctsr01162_ses-20170803_sequ-14_space-aligASL_ct.nii.gz,420.83142,393.76038,388.65973,405.76273,620.7021
37,/mnt/8tb_slot8/jonas/datasets/CT_nofx/derivatives/sub-ctsr00036/ses-20180110/sub-ctsr00036_ses-20180110_sequ-22_space-aligASL_ct.nii.gz,618.14355,577.0478,493.83206,445.5242,563.99567
38,/mnt/8tb_slot8/jonas/datasets/CT_nofx/derivatives/sub-ctsr00097/ses-20120129/sub-ctsr00097_ses-20120129_sequ-10_space-aligASL_ct.nii.gz,366.31116,343.50662,333.9624,272.83786,385.86346
39,/mnt/8tb_slot8/jonas/datasets/CT_nofx/derivatives/sub-CTFU00312/ses-20190221/sub-CTFU00312_ses-20190221_sequ-8_space-aligASL_ct.nii.gz,729.2946,659.4455,606.9994,555.2853,734.2602
40,/mnt/8tb_slot8/jonas/datasets/CT_nofx/derivatives/sub-ctsr01023/ses-20170703/sub-ctsr01023_ses-20170703_sequ-16_space-aligASL_ct.nii.gz,948.9425,877.26685,772.9812,831.19727,1043.8253
41,/mnt/8tb_slot8/jonas/datasets/CT_nofx/derivatives/sub-ctsr02464/ses-20190823/sub-ctsr02464_ses-20190823_sequ-19_space-aligASL_ct.nii.gz,773.31573,753.1085,719.15955,626.52094,975.2103
42,/mnt/8tb_slot8/jonas/datasets/CT_nofx/derivatives/sub-ctsr01245/ses-20181018/sub-ctsr01245_ses-20181018_sequ-13_space-aligASL_ct.nii.gz,671.82806,600.22864,595.7973,614.3234,803.61755
43,/mnt/8tb_slot8/jonas/datasets/CT_nofx/derivatives/sub-ctsr01678/ses-20131112/sub-ctsr01678_ses-20131112_sequ-23_space-aligASL_ct.nii.gz,834.38104,742.3455,611.561,531.65967,912.4826
44,/mnt/8tb_slot8/jonas/datasets/CT_nofx/derivatives/sub-ctsr00955/ses-20150622/sub-ctsr00955_ses-20150622_sequ-18_space-aligASL_ct.nii.gz,685.3424,723.351,654.832,600.03076,747.2275
45,/mnt/8tb_slot8/jonas/datasets/CT_nofx/derivatives/sub-ctsr01406/ses-20200816/sub-ctsr01406_ses-20200816_sequ-30_space-aligASL_ct.nii.gz,810.1976,668.07263,680.83356,607.64154,931.949
46,/mnt/8tb_slot8/jonas/datasets/CT_nofx/derivatives/sub-ctsr01666/ses-20170821/sub-ctsr01666_ses-20170821_sequ-9_space-aligASL_ct.nii.gz,510.4659,497.4719,457.4034,388.9372,535.16156
47,/mnt/8tb_slot8/jonas/datasets/CT_nofx/derivatives/sub-ctsr01829/ses-20131215/sub-ctsr01829_ses-20131215_sequ-14_space-aligASL_ct.nii.gz,378.27185,340.42725,310.32346,279.34378,472.35638
48,/mnt/8tb_slot8/jonas/datasets/CT_nofx/derivatives/sub-ctsr01674/ses-20150705/sub-ctsr01674_ses-20150705_sequ-15_space-aligASL_ct.nii.gz,596.43787,535.49866,475.50525,457.27295,589.74817
49,/mnt/8tb_slot8/jonas/datasets/CT_nofx/derivatives/sub-ctsr00993/ses-20141010/sub-ctsr00993_ses-20141010_sequ-10_space-aligASL_ct.nii.gz,541.6298,593.98157,580.6163,513.7609,685.6232
50,/mnt/8tb_slot8/jonas/datasets/CT_nofx/derivatives/sub-ctsr01786/ses-20170217/sub-ctsr01786_ses-20170217_sequ-503_space-aligASL_ct.nii.gz,368.31363,362.08105,364.84085,337.48492,454.1324
51,/mnt/8tb_slot8/jonas/datasets/CT_nofx/derivatives/sub-ctsr01069/ses-20171019/sub-ctsr01069_ses-20171019_sequ-10_space-aligASL_ct.nii.gz,615.44434,555.42096,511.9262,505.4009,726.2757
52,/mnt/8tb_slot8/jonas/datasets/CT_nofx/derivatives/sub-ctsr01103/ses-20200409/sub-ctsr01103_ses-20200409_sequ-15_space-aligASL_ct.nii.gz,826.90576,778.6843,736.239,682.2623,882.8576
53,/mnt/8tb_slot8/jonas/datasets/CT_nofx/derivatives/sub-ctsr00002/ses-20150407/sub-ctsr00002_ses-20150407_sequ-12_space-aligASL_ct.nii.gz,545.66504,512.4633,473.54385,421.94284,584.3359
54,/mnt/8tb_slot8/jonas/datasets/CT_nofx/derivatives/sub-ctsr00401/ses-20080410/sub-ctsr00401_ses-20080410_sequ-15_space-aligASL_ct.nii.gz,268.47025,268.56357,261.4048,246.07234,330.24582
55,/mnt/8tb_slot8/jonas/datasets/CT_nofx/derivatives/sub-ctsr02164/ses-20111110/sub-ctsr02164_ses-20111110_sequ-7_space-aligASL_ct.nii.gz,333.64233,322.2524,316.60666,309.52292,399.77185
56,/mnt/8tb_slot8/jonas/datasets/CT_nofx/derivatives/sub-ctsr01223/ses-20140314/sub-ctsr01223_ses-20140314_sequ-13_space-aligASL_ct.nii.gz,509.1206,465.19998,436.3489,378.51117,639.5011
57,/mnt/8tb_slot8/jonas/datasets/CT_nofx/derivatives/sub-ctsr00266/ses-20200623/sub-ctsr00266_ses-20200623_sequ-19_space-aligASL_ct.nii.gz,1099.8644,1008.75995,918.7906,842.25366,1300.578
58,/mnt/8tb_slot8/jonas/datasets/CT_nofx/derivatives/sub-ctsr01063/ses-20190816/sub-ctsr01063_ses-20190816_sequ-13_space-aligASL_ct.nii.gz,1108.8517,1001.80566,883.19336,882.323,1236.6433
59,/mnt/8tb_slot8/jonas/datasets/CT_nofx/derivatives/sub-ctsr00210/ses-20130924/sub-ctsr00210_ses-20130924_sequ-8_space-aligASL_ct.nii.gz,272.98392,316.46097,275.96967,296.92603,363.1034
60,/mnt/8tb_slot8/jonas/datasets/CT_nofx/derivatives/sub-ctsr01341/ses-20111107/sub-ctsr01341_ses-20111107_sequ-8_space-aligASL_ct.nii.gz,636.5283,481.1017,476.20734,432.7387,863.74506
61,/mnt/8tb_slot8/jonas/datasets/CT_nofx/derivatives/sub-ctsr01351/ses-20210604/sub-ctsr01351_ses-20210604_sequ-26_space-aligASL_ct.nii.gz,614.1267,592.9341,583.3295,592.8849,830.0838
62,/mnt/8tb_slot8/jonas/datasets/CT_nofx/derivatives/sub-ctsr00698/ses-20210509/sub-ctsr00698_ses-20210509_sequ-13_space-aligASL_ct.nii.gz,727.4618,631.1814,666.15295,674.49225,949.24585
63,/mnt/8tb_slot8/jonas/datasets/CT_nofx/derivatives/sub-ctsr01658/ses-20180417/sub-ctsr01658_ses-20180417_sequ-29_space-aligASL_ct.nii.gz,736.3117,678.4013,673.4352,727.8829,890.97906
64,/mnt/8tb_slot8/jonas/datasets/CT_nofx/derivatives/sub-ctsr00420/ses-20170530/sub-ctsr00420_ses-20170530_sequ-34_space-aligASL_ct.nii.gz,705.50494,666.6563,607.9019,589.4866,829.69
65,/mnt/8tb_slot8/jonas/datasets/CT_nofx/derivatives/sub-ctsr01679/ses-20140513/sub-ctsr01679_ses-20140513_sequ-19_space-aligASL_ct.nii.gz,765.93744,714.42413,598.2748,617.148,642.5291
66,/mnt/8tb_slot8/jonas/datasets/CT_nofx/derivatives/sub-ctsr01149/ses-20190916/sub-ctsr01149_ses-20190916_sequ--1_space-aligASL_ct.nii.gz,918.64667,896.65875,786.0294,677.633,711.86816
67,/mnt/8tb_slot8/jonas/datasets/CT_nofx/derivatives/sub-ctsr01327/ses-20150430/sub-ctsr01327_ses-20150430_sequ-19_space-aligASL_ct.nii.gz,734.1955,687.756,660.80286,641.2731,1116.3145
68,/mnt/8tb_slot8/jonas/datasets/CT_nofx/derivatives/sub-ctsr01619/ses-20160321/sub-ctsr01619_ses-20160321_sequ-9_space-aligASL_ct.nii.gz,1009.1614,786.39667,847.48285,740.93665,652.2261
69,/mnt/8tb_slot8/jonas/datasets/CT_nofx/derivatives/sub-ctsr01055/ses-20200809/sub-ctsr01055_ses-20200809_sequ-11_space-aligASL_ct.nii.gz,589.3995,502.37198,455.75058,469.93753,582.49036
70,/mnt/8tb_slot8/jonas/datasets/CT_nofx/derivatives/sub-ctsr01030/ses-20161218/sub-ctsr01030_ses-20161218_sequ-13_space-aligASL_ct.nii.gz,371.27573,355.5991,363.62567,431.91748,584.8994
71,/mnt/8tb_slot8/jonas/datasets/CT_nofx/derivatives/sub-ctsr00989/ses-20161202/sub-ctsr00989_ses-20161202_sequ-12_space-aligASL_ct.nii.gz,539.6659,481.6042,534.64606,487.8307,683.05554
72,/mnt/8tb_slot8/jonas/datasets/CT_nofx/derivatives/sub-ctsr00895/ses-20170413/sub-ctsr00895_ses-20170413_sequ-15_space-aligASL_ct.nii.gz,897.52405,777.68744,678.67285,606.11505,786.19824
73,/mnt/8tb_slot8/jonas/datasets/CT_nofx/derivatives/sub-ctsr00957/ses-20140129/sub-ctsr00957_ses-20140129_sequ-18_space-aligASL_ct.nii.gz,351.5609,349.89133,338.63226,316.36542,392.7896
74,/mnt/8tb_slot8/jonas/datasets/CT_nofx/derivatives/sub-ctsr01028/ses-20160923/sub-ctsr01028_ses-20160923_sequ-10_space-aligASL_ct.nii.gz,609.83093,536.95056,483.83218,390.26578,480.87735
75,/mnt/8tb_slot8/jonas/datasets/CT_nofx/derivatives/sub-ctsr00541/ses-20140308/sub-ctsr00541_ses-20140308_sequ-13_space-aligASL_ct.nii.gz,312.40057,310.23682,310.54187,300.79514,361.88605
76,/mnt/8tb_slot8/jonas/datasets/CT_nofx/derivatives/sub-ctsr02389/ses-20151220/sub-ctsr02389_ses-20151220_sequ-11_space-aligASL_ct.nii.gz,468.651,374.60388,410.73254,431.53223,633.8259
77,/mnt/8tb_slot8/jonas/datasets/CT_nofx/derivatives/sub-ctsr00654/ses-20110809/sub-ctsr00654_ses-20110809_sequ-15_space-aligASL_ct.nii.gz,271.54172,260.25266,256.6806,256.46335,324.46143
78,/mnt/8tb_slot8/jonas/datasets/CT_nofx/derivatives/sub-ctsr00035/ses-20180413/sub-ctsr00035_ses-20180413_sequ-9_space-aligASL_ct.nii.gz,616.73004,558.3853,546.6728,472.70224,546.6138
79,/mnt/8tb_slot8/jonas/datasets/CT_nofx/derivatives/sub-ctsr01061/ses-20190601/sub-ctsr01061_ses-20190601_sequ-10_space-aligASL_ct.nii.gz,981.2103,999.6923,895.1675,786.66736,864.4487
80,/mnt/8tb_slot8/jonas/datasets/CT_nofx/derivatives/sub-ctsr00898/ses-20150504/sub-ctsr00898_ses-20150504_sequ-11_space-aligASL_ct.nii.gz,603.02594,557.72516,528.493,545.039,707.50555
81,/mnt/8tb_slot8/jonas/datasets/CT_nofx/derivatives/sub-ICH00397/ses-20170501/sub-ICH00397_ses-20170501_sequ-10_space-aligASL_ct.nii.gz,421.42953,412.4492,438.1682,416.50925,548.07605
82,/mnt/8tb_slot8/jonas/datasets/CT_nofx/derivatives/sub-ctsr02664/ses-20120731/sub-ctsr02664_ses-20120731_sequ-17_space-aligASL_ct.nii.gz,258.98788,250.34062,300.85834,327.9175,394.49957
83,/mnt/8tb_slot8/jonas/datasets/CT_nofx/derivatives/sub-ctph01980/ses-20191111/sub-ctph01980_ses-20191111_sequ-205_space-aligASL_ct.nii.gz,925.8535,826.14435,681.869,554.48926,634.89014
84,/mnt/8tb_slot8/jonas/datasets/CT_nofx/derivatives/sub-ctsr01546/ses-20201006/sub-ctsr01546_ses-20201006_sequ-15_space-aligASL_ct.nii.gz,1413.8105,1280.9097,1078.7051,912.57544,1188.1415
85,/mnt/8tb_slot8/jonas/datasets/CT_nofx/derivatives/sub-ctsr01259/ses-20170815/sub-ctsr01259_ses-20170815_sequ-11_space-aligASL_ct.nii.gz,405.45654,371.42596,352.25278,327.6265,437.0772
86,/mnt/8tb_slot8/jonas/datasets/CT_nofx/derivatives/sub-ctsr02635/ses-20190416/sub-ctsr02635_ses-20190416_sequ-9_space-aligASL_ct.nii.gz,753.92554,544.2009,632.87494,760.438,1016.669
87,/mnt/8tb_slot8/jonas/datasets/CT_nofx/derivatives/sub-ctsr01761/ses-20091026/sub-ctsr01761_ses-20091026_sequ-13_space-aligASL_ct.nii.gz,377.03226,355.83713,336.7465,339.44824,275.37497
88,/mnt/8tb_slot8/jonas/datasets/CT_nofx/derivatives/sub-ctsr00651/ses-20120628/sub-ctsr00651_ses-20120628_sequ-10_space-aligASL_ct.nii.gz,332.5356,324.7283,298.29755,290.43314,309.08813
89,/mnt/8tb_slot8/jonas/datasets/CT_nofx/derivatives/sub-ctsr01365/ses-20180427/sub-ctsr01365_ses-20180427_sequ-13_space-aligASL_ct.nii.gz,748.1102,740.9716,725.67975,742.822,910.4824
90,/mnt/8tb_slot8/jonas/datasets/CT_nofx/derivatives/sub-ctsr00044/ses-20160724/sub-ctsr00044_ses-20160724_sequ-14_space-aligASL_ct.nii.gz,545.9667,379.65137,434.4862,361.80817,472.85922
91,/mnt/8tb_slot8/jonas/datasets/CT_nofx/derivatives/sub-ctsr00557/ses-20200417/sub-ctsr00557_ses-20200417_sequ-23_space-aligASL_ct.nii.gz,867.5382,787.0649,704.8205,544.425,820.8617
92,/mnt/8tb_slot8/jonas/datasets/CT_nofx/derivatives/sub-ctsr00440/ses-20090715/sub-ctsr00440_ses-20090715_sequ-18_space-aligASL_ct.nii.gz,307.52173,272.0256,280.42776,248.63869,308.38092
93,/mnt/8tb_slot8/jonas/datasets/CT_nofx/derivatives/sub-ctsr02506/ses-20180131/sub-ctsr02506_ses-20180131_sequ-10_space-aligASL_ct.nii.gz,474.18027,453.21826,492.30206,441.56824,577.4158
94,/mnt/8tb_slot8/jonas/datasets/CT_nofx/derivatives/sub-ctsr00194/ses-20171214/sub-ctsr00194_ses-20171214_sequ-9_space-aligASL_ct.nii.gz,456.12875,425.82324,422.75766,457.5583,658.1138
95,/mnt/8tb_slot8/jonas/datasets/CT_nofx/derivatives/sub-ctsr01107/ses-20190420/sub-ctsr01107_ses-20190420_sequ-14_space-aligASL_ct.nii.gz,621.0001,608.7203,595.49866,598.84546,855.1926
96,/mnt/8tb_slot8/jonas/datasets/CT_nofx/derivatives/sub-ctsr00706/ses-20190728/sub-ctsr00706_ses-20190728_sequ--1_space-aligASL_ct.nii.gz,496.66888,470.94638,426.32968,372.59308,348.29092
97,/mnt/8tb_slot8/jonas/datasets/CT_nofx/derivatives/sub-ctsr02416/ses-20180207/sub-ctsr02416_ses-20180207_sequ-207_space-aligASL_ct.nii.gz,1040.4963,978.592,894.2637,905.65314,1441.0398
98,/mnt/8tb_slot8/jonas/datasets/CT_nofx/derivatives/sub-ctsr01248/ses-20190218/sub-ctsr01248_ses-20190218_sequ-31_space-aligASL_ct.nii.gz,592.69135,584.04205,591.6221,633.5967,782.2972
99,/mnt/8tb_slot8/jonas/datasets/CT_nofx/derivatives/sub-ICH00298/ses-20181020/sub-ICH00298_ses-20181020_sequ-13_space-aligASL_ct.nii.gz,543.3325,541.07715,535.6896,681.6296,986.4609
100,/mnt/8tb_slot8/jonas/datasets/CT_nofx/derivatives/sub-ctsr01614/ses-20161114/sub-ctsr01614_ses-20161114_sequ-24_space-aligASL_ct.nii.gz,558.89233,515.93884,386.9826,461.57938,769.22656
101,/mnt/8tb_slot8/jonas/datasets/CT_nofx/derivatives/sub-ctsr02633/ses-20190311/sub-ctsr02633_ses-20190311_sequ-28_space-aligASL_ct.nii.gz,564.92035,546.72906,510.3955,584.3589,750.2633
102,/mnt/8tb_slot8/jonas/datasets/CT_nofx/derivatives/sub-ctsr01125/ses-20141114/sub-ctsr01125_ses-20141114_sequ-12_space-aligASL_ct.nii.gz,685.2905,642.29474,614.8186,534.91156,797.4613
103,/mnt/8tb_slot8/jonas/datasets/CT_nofx/derivatives/sub-ctsr00330/ses-20070930/sub-ctsr00330_ses-20070930_sequ-10_space-aligASL_ct.nii.gz,367.75293,341.33475,304.99362,268.76834,274.20752
104,/mnt/8tb_slot8/jonas/datasets/CT_nofx/derivatives/sub-ctsr00925/ses-20150107/sub-ctsr00925_ses-20150107_sequ-12_space-aligASL_ct.nii.gz,859.7983,831.9601,669.89246,746.1745,974.63104
105,/mnt/8tb_slot8/jonas/datasets/CT_nofx/derivatives/sub-ctsr01293/ses-20200623/sub-ctsr01293_ses-20200623_sequ-17_space-aligASL_ct.nii.gz,865.7416,653.3094,603.95886,607.2564,764.27313
106,/mnt/8tb_slot8/jonas/datasets/CT_nofx/derivatives/sub-ctsr00501/ses-20150429/sub-ctsr00501_ses-20150429_sequ-18_space-aligASL_ct.nii.gz,629.6112,591.34674,538.2738,488.03546,578.9669
107,/mnt/8tb_slot8/jonas/datasets/CT_nofx/derivatives/sub-ctsr00235/ses-20190623/sub-ctsr00235_ses-20190623_sequ-11_space-aligASL_ct.nii.gz,866.3072,763.5303,647.4405,563.81934,617.7211
108,/mnt/8tb_slot8/jonas/datasets/CT_nofx/derivatives/sub-ctsr00050/ses-20140101/sub-ctsr00050_ses-20140101_sequ-16_space-aligASL_ct.nii.gz,585.15186,527.69666,470.3867,344.40607,405.89554
109,/mnt/8tb_slot8/jonas/datasets/CT_nofx/derivatives/sub-ctsr01279/ses-20121012/sub-ctsr01279_ses-20121012_sequ-12_space-aligASL_ct.nii.gz,500.80908,501.41235,390.51706,415.14624,565.52527
110,/mnt/8tb_slot8/jonas/datasets/CT_nofx/derivatives/sub-ctsr01247/ses-20190329/sub-ctsr01247_ses-20190329_sequ-26_space-aligASL_ct.nii.gz,521.43536,505.14587,497.8941,487.90985,515.2342
111,/mnt/8tb_slot8/jonas/datasets/CT_nofx/derivatives/sub-ctsr00782/ses-20180513/sub-ctsr00782_ses-20180513_sequ-11_space-aligASL_ct.nii.gz,996.6006,846.54974,748.0303,669.29456,863.96405
112,/mnt/8tb_slot8/jonas/datasets/CT_nofx/derivatives/sub-ctsr01927/ses-20180625/sub-ctsr01927_ses-20180625_sequ-11_space-aligASL_ct.nii.gz,464.76624,423.29077,388.69992,366.58868,394.0872
113,/mnt/8tb_slot8/jonas/datasets/CT_nofx/derivatives/sub-ctsr00865/ses-20130409/sub-ctsr00865_ses-20130409_sequ-17_space-aligASL_ct.nii.gz,364.8874,343.05197,293.92212,309.48044,385.10245
114,/mnt/8tb_slot8/jonas/datasets/CT_nofx/derivatives/sub-ctsr00753/ses-20120429/sub-ctsr00753_ses-20120429_sequ-11_space-aligASL_ct.nii.gz,406.09384,260.2425,313.1835,239.7995,332.1489
115,/mnt/8tb_slot8/jonas/datasets/CT_nofx/derivatives/sub-ctsr02226/ses-20191012/sub-ctsr02226_ses-20191012_sequ-18_space-aligASL_ct.nii.gz,704.68207,641.30334,610.189,562.60333,731.15955
116,/mnt/8tb_slot8/jonas/datasets/CT_nofx/derivatives/sub-ctsr01181/ses-20120923/sub-ctsr01181_ses-20120923_sequ-14_space-aligASL_ct.nii.gz,339.84085,323.33524,234.6452,297.4819,393.73782
117,/mnt/8tb_slot8/jonas/datasets/CT_nofx/derivatives/sub-ctsr00970/ses-20100203/sub-ctsr00970_ses-20100203_sequ-17_space-aligASL_ct.nii.gz,291.16266,363.03384,321.43143,293.58765,412.05063
118,/mnt/8tb_slot8/jonas/datasets/CT_nofx/derivatives/sub-ctsr00920/ses-20160224/sub-ctsr00920_ses-20160224_sequ-16_space-aligASL_ct.nii.gz,551.1485,649.10645,656.1291,674.44293,876.6822
119,/mnt/8tb_slot8/jonas/datasets/CT_nofx/derivatives/sub-ctsr00619/ses-20140517/sub-ctsr00619_ses-20140517_sequ-7_space-aligASL_ct.nii.gz,721.63776,669.96814,633.9869,595.97327,758.5111
120,/mnt/8tb_slot8/jonas/datasets/CT_nofx/derivatives/sub-ctsr01101/ses-20210516/sub-ctsr01101_ses-20210516_sequ-15_space-aligASL_ct.nii.gz,776.3232,770.05835,709.0032,688.0993,848.9344
121,/mnt/8tb_slot8/jonas/datasets/CT_nofx/derivatives/sub-ctsr00463/ses-20130821/sub-ctsr00463_ses-20130821_sequ-14_space-aligASL_ct.nii.gz,514.2725,330.8245,411.98062,389.58496,578.3671
122,/mnt/8tb_slot8/jonas/datasets/CT_nofx/derivatives/sub-ctsr01349/ses-20070923/sub-ctsr01349_ses-20070923_sequ-12_space-aligASL_ct.nii.gz,461.61862,449.05298,409.84622,360.84244,364.09537
123,/mnt/8tb_slot8/jonas/datasets/CT_nofx/derivatives/sub-ctsr02594/ses-20180913/sub-ctsr02594_ses-20180913_sequ-19_space-aligASL_ct.nii.gz,692.1848,582.98785,619.2127,648.72943,976.19525
124,/mnt/8tb_slot8/jonas/datasets/CT_nofx/derivatives/sub-ctsr00083/ses-20150604/sub-ctsr00083_ses-20150604_sequ-10_space-aligASL_ct.nii.gz,405.56668,380.93915,342.95544,342.05334,465.69217
125,/mnt/8tb_slot8/jonas/datasets/CT_nofx/derivatives/sub-ctsr01109/ses-20180518/sub-ctsr01109_ses-20180518_sequ-13_space-aligASL_ct.nii.gz,874.1766,797.7795,693.671,596.7995,647.6436
126,/mnt/8tb_slot8/jonas/datasets/CT_nofx/derivatives/sub-ctsr00317/ses-20140619/sub-ctsr00317_ses-20140619_sequ-14_space-aligASL_ct.nii.gz,853.9618,799.7844,725.4076,598.9959,719.19525
127,/mnt/8tb_slot8/jonas/datasets/CT_nofx/derivatives/sub-ctsr00964/ses-20120625/sub-ctsr00964_ses-20120625_sequ-11_space-aligASL_ct.nii.gz,291.9308,283.23688,278.75024,276.10834,404.6363
128,/mnt/8tb_slot8/jonas/datasets/CT_nofx/derivatives/sub-ctsr00862/ses-20140803/sub-ctsr00862_ses-20140803_sequ-20_space-aligASL_ct.nii.gz,538.3325,525.3134,460.9384,448.4636,538.74603
129,/mnt/8tb_slot8/jonas/datasets/CT_nofx/derivatives/sub-ctsr01205/ses-20171217/sub-ctsr01205_ses-20171217_sequ-13_space-aligASL_ct.nii.gz,803.7262,790.9118,664.79236,571.4141,647.1174
130,/mnt/8tb_slot8/jonas/datasets/CT_nofx/derivatives/sub-ctsr00519/ses-20200627/sub-ctsr00519_ses-20200627_sequ-23_space-aligASL_ct.nii.gz,626.224,602.9406,555.9517,496.4883,572.0483
131,/mnt/8tb_slot8/jonas/datasets/CT_nofx/derivatives/sub-ctsr01240/ses-20201003/sub-ctsr01240_ses-20201003_sequ-14_space-aligASL_ct.nii.gz,481.12643,455.13425,488.30124,589.4995,738.25146
132,/mnt/8tb_slot8/jonas/datasets/CT_nofx/derivatives/sub-ctsr00249/ses-20140508/sub-ctsr00249_ses-20140508_sequ-15_space-aligASL_ct.nii.gz,354.7273,342.5522,336.7204,352.9046,416.02136
133,/mnt/8tb_slot8/jonas/datasets/CT_nofx/derivatives/sub-ctsr02267/ses-20200416/sub-ctsr02267_ses-20200416_sequ-10_space-aligASL_ct.nii.gz,557.4956,466.1549,573.24994,494.31235,935.9099
134,/mnt/8tb_slot8/jonas/datasets/CT_nofx/derivatives/sub-ctsr00992/ses-20140402/sub-ctsr00992_ses-20140402_sequ-15_space-aligASL_ct.nii.gz,549.52454,463.80994,464.73724,432.58734,568.1323
135,/mnt/8tb_slot8/jonas/datasets/CT_nofx/derivatives/sub-ctsr00447/ses-20210609/sub-ctsr00447_ses-20210609_sequ-15_space-aligASL_ct.nii.gz,702.4769,636.7764,552.3022,501.79297,761.83276
136,/mnt/8tb_slot8/jonas/datasets/CT_nofx/derivatives/sub-ctsr01646/ses-20201119/sub-ctsr01646_ses-20201119_sequ-19_space-aligASL_ct.nii.gz,863.4997,770.7702,701.9132,672.76746,1013.4609
137,/mnt/8tb_slot8/jonas/datasets/CT_nofx/derivatives/sub-ctsr01140/ses-20110918/sub-ctsr01140_ses-20110918_sequ-16_space-aligASL_ct.nii.gz,301.73587,219.30103,280.86774,250.78253,253.85757
138,/mnt/8tb_slot8/jonas/datasets/CT_nofx/derivatives/sub-ctsr00864/ses-20131218/sub-ctsr00864_ses-20131218_sequ-13_space-aligASL_ct.nii.gz,465.04153,357.6399,410.4392,329.90106,404.9663
139,/mnt/8tb_slot8/jonas/datasets/CT_nofx/derivatives/sub-ctsr02621/ses-20090408/sub-ctsr02621_ses-20090408_sequ-6_space-aligASL_ct.nii.gz,635.6137,586.77875,458.79987,473.5595,645.2213
140,/mnt/8tb_slot8/jonas/datasets/CT_nofx/derivatives/sub-ctsr00302/ses-20200411/sub-ctsr00302_ses-20200411_sequ-8_space-aligASL_ct.nii.gz,651.4005,582.54767,475.68262,486.82556,808.56445
141,/mnt/8tb_slot8/jonas/datasets/CT_nofx/derivatives/sub-ctsr01928/ses-20180528/sub-ctsr01928_ses-20180528_sequ-18_space-aligASL_ct.nii.gz,492.5966,440.18997,636.48956,526.1385,922.3104
142,/mnt/8tb_slot8/jonas/datasets/CT_nofx/derivatives/sub-ctsr01673/ses-20150119/sub-ctsr01673_ses-20150119_sequ-11_space-aligASL_ct.nii.gz,447.03308,414.1897,364.58664,356.5823,454.72614
143,/mnt/8tb_slot8/jonas/datasets/CT_nofx/derivatives/sub-ctsr01080/ses-20140423/sub-ctsr01080_ses-20140423_sequ-8_space-aligASL_ct.nii.gz,380.5404,364.90765,334.40808,344.4839,389.39618
144,/mnt/8tb_slot8/jonas/datasets/CT_nofx/derivatives/sub-ctsr02356/ses-20090902/sub-ctsr02356_ses-20090902_sequ-12_space-aligASL_ct.nii.gz,327.17725,313.1543,296.95337,298.88126,454.16708
145,/mnt/8tb_slot8/jonas/datasets/CT_nofx/derivatives/sub-ctsr01333/ses-20140507/sub-ctsr01333_ses-20140507_sequ-11_space-aligASL_ct.nii.gz,738.15625,797.55786,616.08734,610.40533,876.4329
146,/mnt/8tb_slot8/jonas/datasets/CT_nofx/derivatives/sub-ctsr02652/ses-20170415/sub-ctsr02652_ses-20170415_sequ-14_space-aligASL_ct.nii.gz,556.2987,515.27246,471.5487,427.82297,561.8052
147,/mnt/8tb_slot8/jonas/datasets/CT_nofx/derivatives/sub-ctsr02190/ses-20170622/sub-ctsr02190_ses-20170622_sequ-24_space-aligASL_ct.nii.gz,782.6796,722.2821,676.6109,670.4684,969.37683
148,/mnt/8tb_slot8/jonas/datasets/CT_nofx/derivatives/sub-ctsr00919/ses-20170805/sub-ctsr00919_ses-20170805_sequ-21_space-aligASL_ct.nii.gz,626.90704,599.3682,526.3175,449.1723,544.4966
149,/mnt/8tb_slot8/jonas/datasets/CT_nofx/derivatives/sub-ctsr00792/ses-20101130/sub-ctsr00792_ses-20101130_sequ-1201_space-aligASL_ct.nii.gz,279.33438,267.22244,261.84283,278.35962,369.75958
150,/mnt/8tb_slot8/jonas/datasets/CT_nofx/derivatives/sub-ctsr00349/ses-20150417/sub-ctsr00349_ses-20150417_sequ-19_space-aligASL_ct.nii.gz,673.24133,591.9448,510.99158,501.76074,620.9619
151,/mnt/8tb_slot8/jonas/datasets/CT_nofx/derivatives/sub-ctsr00491/ses-20170806/sub-ctsr00491_ses-20170806_sequ-21_space-aligASL_ct.nii.gz,908.7257,855.93164,763.2726,652.3104,792.9487
152,/mnt/8tb_slot8/jonas/datasets/CT_nofx/derivatives/sub-ctsr00459/ses-20150505/sub-ctsr00459_ses-20150505_sequ-11_space-aligASL_ct.nii.gz,560.1116,513.4237,504.6605,485.50735,615.88074
153,/mnt/8tb_slot8/jonas/datasets/CT_nofx/derivatives/sub-ctsr02429/ses-20160923/sub-ctsr02429_ses-20160923_sequ-11_space-aligASL_ct.nii.gz,629.9766,628.63763,639.7486,786.665,1164.83
154,/mnt/8tb_slot8/jonas/datasets/CT_nofx/derivatives/sub-ctsr02616/ses-20110511/sub-ctsr02616_ses-20110511_sequ-18_space-aligASL_ct.nii.gz,217.84204,229.15358,268.2858,295.7122,424.69406
155,/mnt/8tb_slot8/jonas/datasets/CT_nofx/derivatives/sub-ctsr00439/ses-20090603/sub-ctsr00439_ses-20090603_sequ-12_space-aligASL_ct.nii.gz,349.62268,348.35382,334.20538,288.17838,416.4462
156,/mnt/8tb_slot8/jonas/datasets/CT_nofx/derivatives/sub-ctsr00562/ses-20181023/sub-ctsr00562_ses-20181023_sequ-19_space-aligASL_ct.nii.gz,481.10895,432.35364,394.15884,361.09885,549.1601
157,/mnt/8tb_slot8/jonas/datasets/CT_nofx/derivatives/sub-ctsr00769/ses-20210801/sub-ctsr00769_ses-20210801_sequ-16_space-aligASL_ct.nii.gz,669.39825,644.28656,629.45667,664.3256,884.9021
158,/mnt/8tb_slot8/jonas/datasets/CT_nofx/derivatives/sub-ctsr00387/ses-20140508/sub-ctsr00387_ses-20140508_sequ-11_space-aligASL_ct.nii.gz,347.5501,321.97897,307.2086,267.19208,295.24738
159,/mnt/8tb_slot8/jonas/datasets/CT_nofx/derivatives/sub-ctsr00148/ses-20190718/sub-ctsr00148_ses-20190718_sequ-24_space-aligASL_ct.nii.gz,683.3064,635.2634,563.41296,601.4063,809.62994
160,/mnt/8tb_slot8/jonas/datasets/CT_nofx/derivatives/sub-ctsr01200/ses-20180913/sub-ctsr01200_ses-20180913_sequ-15_space-aligASL_ct.nii.gz,723.14734,684.2662,677.4427,755.7912,885.28674
161,/mnt/8tb_slot8/jonas/datasets/CT_nofx/derivatives/sub-ctsr00819/ses-20131214/sub-ctsr00819_ses-20131214_sequ-15_space-aligASL_ct.nii.gz,388.6374,370.3348,340.53122,307.55588,407.6707
162,/mnt/8tb_slot8/jonas/datasets/CT_nofx/derivatives/sub-ctsr00319/ses-20140718/sub-ctsr00319_ses-20140718_sequ-12_space-aligASL_ct.nii.gz,326.1899,298.02298,307.53326,365.65393,480.68457
163,/mnt/8tb_slot8/jonas/datasets/CT_nofx/derivatives/sub-ctsr01282/ses-20110822/sub-ctsr01282_ses-20110822_sequ-16_space-aligASL_ct.nii.gz,354.37585,337.69995,254.761,303.26083,404.51678
164,/mnt/8tb_slot8/jonas/datasets/CT_nofx/derivatives/sub-ctsr00068/ses-20190724/sub-ctsr00068_ses-20190724_sequ-12_space-aligASL_ct.nii.gz,468.3888,373.63855,363.5841,441.78622,662.7069
165,/mnt/8tb_slot8/jonas/datasets/CT_nofx/derivatives/sub-ctsr00817/ses-20140627/sub-ctsr00817_ses-20140627_sequ-19_space-aligASL_ct.nii.gz,755.067,666.1986,614.07764,575.2738,814.9502
166,/mnt/8tb_slot8/jonas/datasets/CT_nofx/derivatives/sub-ctsr00233/ses-20200627/sub-ctsr00233_ses-20200627_sequ-15_space-aligASL_ct.nii.gz,863.7388,796.3887,713.2784,612.6193,674.65076
167,/mnt/8tb_slot8/jonas/datasets/CT_nofx/derivatives/sub-ctsr01178/ses-20140417/sub-ctsr01178_ses-20140417_sequ-14_space-aligASL_ct.nii.gz,352.596,365.94196,350.61395,329.55225,410.3398
168,/mnt/8tb_slot8/jonas/datasets/CT_nofx/derivatives/sub-ctsr01232/ses-20091202/sub-ctsr01232_ses-20091202_sequ-1001_space-aligASL_ct.nii.gz,390.80286,345.31458,291.87704,280.22726,328.79007
169,/mnt/8tb_slot8/jonas/datasets/CT_nofx/derivatives/sub-ctsr01036/ses-20131028/sub-ctsr01036_ses-20131028_sequ-17_space-aligASL_ct.nii.gz,659.8706,590.3797,544.2699,485.43616,642.1411
170,/mnt/8tb_slot8/jonas/datasets/CT_nofx/derivatives/sub-ctsr00634/ses-20170317/sub-ctsr00634_ses-20170317_sequ-14_space-aligASL_ct.nii.gz,482.70654,447.2787,436.32593,602.19135,755.1577
171,/mnt/8tb_slot8/jonas/datasets/CT_nofx/derivatives/sub-ctsr01360/ses-20181024/sub-ctsr01360_ses-20181024_sequ-16_space-aligASL_ct.nii.gz,554.6948,525.16455,476.81506,371.72147,610.665
172,/mnt/8tb_slot8/jonas/datasets/CT_nofx/derivatives/sub-ctsr00502/ses-20151205/sub-ctsr00502_ses-20151205_sequ-9_space-aligASL_ct.nii.gz,725.48535,676.3456,611.6362,531.4311,640.94275
173,/mnt/8tb_slot8/jonas/datasets/CT_nofx/derivatives/sub-ctsr00188/ses-20190511/sub-ctsr00188_ses-20190511_sequ-23_space-aligASL_ct.nii.gz,469.4809,431.59286,410.51218,380.5412,582.6975
174,/mnt/8tb_slot8/jonas/datasets/CT_nofx/derivatives/sub-ctsr00741/ses-20180514/sub-ctsr00741_ses-20180514_sequ-21_space-aligASL_ct.nii.gz,561.3017,535.9961,511.58246,486.4172,676.20306
175,/mnt/8tb_slot8/jonas/datasets/CT_nofx/derivatives/sub-ctsr00566/ses-20170202/sub-ctsr00566_ses-20170202_sequ-11_space-aligASL_ct.nii.gz,590.3194,536.9669,498.5538,477.3984,593.36066
176,/mnt/8tb_slot8/jonas/datasets/CT_nofx/derivatives/sub-ctsr00724/ses-20140110/sub-ctsr00724_ses-20140110_sequ-13_space-aligASL_ct.nii.gz,762.7246,695.8878,636.0987,582.97876,818.33716
177,/mnt/8tb_slot8/jonas/datasets/CT_nofx/derivatives/sub-ctsr00602/ses-20180712/sub-ctsr00602_ses-20180712_sequ-27_space-aligASL_ct.nii.gz,552.58734,543.1332,515.8877,495.46576,702.4533
178,/mnt/8tb_slot8/jonas/datasets/CT_nofx/derivatives/sub-ctsr01980/ses-20150513/sub-ctsr01980_ses-20150513_sequ-11_space-aligASL_ct.nii.gz,308.7615,345.54874,261.61066,289.10455,426.47733
179,/mnt/8tb_slot8/jonas/datasets/CT_nofx/derivatives/sub-ctsr01138/ses-20110719/sub-ctsr01138_ses-20110719_sequ-9_space-aligASL_ct.nii.gz,652.5824,603.2695,507.30655,578.8202,797.4898
180,/mnt/8tb_slot8/jonas/datasets/CT_nofx/derivatives/sub-ctsr02699/ses-20141022/sub-ctsr02699_ses-20141022_sequ-15_space-aligASL_ct.nii.gz,800.15424,706.5652,654.91266,559.422,518.8289
181,/mnt/8tb_slot8/jonas/datasets/CT_nofx/derivatives/sub-ctsr01999/ses-20180122/sub-ctsr01999_ses-20180122_sequ-29_space-aligASL_ct.nii.gz,350.1726,327.8831,322.49072,389.42828,507.9076
182,/mnt/8tb_slot8/jonas/datasets/CT_nofx/derivatives/sub-ctsr00063/ses-20201115/sub-ctsr00063_ses-20201115_sequ-18_space-aligASL_ct.nii.gz,537.8091,494.4259,458.37244,433.83896,534.1846
183,/mnt/8tb_slot8/jonas/datasets/CT_nofx/derivatives/sub-ctsr01345/ses-20090315/sub-ctsr01345_ses-20090315_sequ-10_space-aligASL_ct.nii.gz,415.42548,391.69528,366.6565,344.87988,471.96387
184,/mnt/8tb_slot8/jonas/datasets/CT_nofx/derivatives/sub-ctsr01569/ses-20161119/sub-ctsr01569_ses-20161119_sequ-8_space-aligASL_ct.nii.gz,737.63135,654.7104,539.57074,548.54083,749.42285
185,/mnt/8tb_slot8/jonas/datasets/CT_nofx/derivatives/sub-ctsr00033/ses-20210817/sub-ctsr00033_ses-20210817_sequ-12_space-aligASL_ct.nii.gz,806.8836,739.11816,675.74316,607.4516,690.4601
186,/mnt/8tb_slot8/jonas/datasets/CT_nofx/derivatives/sub-ctsr01249/ses-20181118/sub-ctsr01249_ses-20181118_sequ-10_space-aligASL_ct.nii.gz,583.7428,460.39066,471.59482,444.02917,745.4546
187,/mnt/8tb_slot8/jonas/datasets/CT_nofx/derivatives/sub-ctsr01274/ses-20140525/sub-ctsr01274_ses-20140525_sequ-8_space-aligASL_ct.nii.gz,309.8118,290.041,288.59784,294.7964,366.79645
188,/mnt/8tb_slot8/jonas/datasets/CT_nofx/derivatives/sub-ctsr00024/ses-20170923/sub-ctsr00024_ses-20170923_sequ-603_space-aligASL_ct.nii.gz,782.1329,822.53656,713.1699,613.4983,682.6412
189,/mnt/8tb_slot8/jonas/datasets/CT_nofx/derivatives/sub-ctsr02194/ses-20150106/sub-ctsr02194_ses-20150106_sequ-13_space-aligASL_ct.nii.gz,743.959,697.6581,652.5724,623.65936,947.7317
190,/mnt/8tb_slot8/jonas/datasets/CT_nofx/derivatives/sub-ctsr00732/ses-20070815/sub-ctsr00732_ses-20070815_sequ-15_space-aligASL_ct.nii.gz,456.89978,416.00925,386.00848,364.3265,436.49222
191,/mnt/8tb_slot8/jonas/datasets/CT_nofx/derivatives/sub-ctsr00534/ses-20161113/sub-ctsr00534_ses-20161113_sequ-12_space-aligASL_ct.nii.gz,973.2179,914.10944,797.6067,720.38367,796.62134
192,/mnt/8tb_slot8/jonas/datasets/CT_nofx/derivatives/sub-ctsr00840/ses-20200305/sub-ctsr00840_ses-20200305_sequ-11_space-aligASL_ct.nii.gz,723.90674,760.9863,805.86487,816.15546,1196.6075
193,/mnt/8tb_slot8/jonas/datasets/CT_nofx/derivatives/sub-ctsr00994/ses-20130703/sub-ctsr00994_ses-20130703_sequ-13_space-aligASL_ct.nii.gz,427.2866,435.9714,436.47046,470.72372,614.549
194,/mnt/8tb_slot8/jonas/datasets/CT_nofx/derivatives/sub-ctsr02640/ses-20180815/sub-ctsr02640_ses-20180815_sequ-404_space-aligASL_ct.nii.gz,717.0863,674.5565,758.7271,730.0854,1038.4055
195,/mnt/8tb_slot8/jonas/datasets/CT_nofx/derivatives/sub-ctsr01529/ses-20140412/sub-ctsr01529_ses-20140412_sequ-20_space-aligASL_ct.nii.gz,452.79645,449.65405,416.63834,478.8698,674.2025
196,/mnt/8tb_slot8/jonas/datasets/CT_nofx/derivatives/sub-ctsr02637/ses-20190831/sub-ctsr02637_ses-20190831_sequ-19_space-aligASL_ct.nii.gz,677.4416,616.39984,493.76312,607.415,785.2156
197,/mnt/8tb_slot8/jonas/datasets/CT_nofx/derivatives/sub-ctsr01650/ses-20190630/sub-ctsr01650_ses-20190630_sequ-11_space-aligASL_ct.nii.gz,624.9462,559.2344,508.22986,482.91064,723.1664
198,/mnt/8tb_slot8/jonas/datasets/CT_nofx/derivatives/sub-ctsr01081/ses-20140719/sub-ctsr01081_ses-20140719_sequ-23_space-aligASL_ct.nii.gz,949.7112,859.0442,740.5676,597.36456,486.41653
199,/mnt/8tb_slot8/jonas/datasets/CT_nofx/derivatives/sub-ctsr00771/ses-20210218/sub-ctsr00771_ses-20210218_sequ-16_space-aligASL_ct.nii.gz,748.8544,709.75006,617.8338,528.98737,523.5122
200,/mnt/8tb_slot8/jonas/datasets/CT_nofx/derivatives/sub-ctsr01077/ses-20141119/sub-ctsr01077_ses-20141119_sequ-15_space-aligASL_ct.nii.gz,857.09906,782.1981,692.00696,682.21094,857.0662
201,/mnt/8tb_slot8/jonas/datasets/CT_nofx/derivatives/sub-ctsr00980/ses-20190618/sub-ctsr00980_ses-20190618_sequ-23_space-aligASL_ct.nii.gz,642.4594,565.94,524.2382,514.00964,775.90045
202,/mnt/8tb_slot8/jonas/datasets/CT_nofx/derivatives/sub-ctsr00415/ses-20181221/sub-ctsr00415_ses-20181221_sequ-24_space-aligASL_ct.nii.gz,580.608,522.8168,500.33337,604.15564,820.4969
203,/mnt/8tb_slot8/jonas/datasets/CT_nofx/derivatives/sub-ctsr00409/ses-20200202/sub-ctsr00409_ses-20200202_sequ-23_space-aligASL_ct.nii.gz,547.523,528.963,505.66577,491.8568,613.11426
204,/mnt/8tb_slot8/jonas/datasets/CT_nofx/derivatives/sub-ctsr01632/ses-20120620/sub-ctsr01632_ses-20120620_sequ-10_space-aligASL_ct.nii.gz,334.23334,319.56125,325.0329,341.02618,465.837
205,/mnt/8tb_slot8/jonas/datasets/CT_nofx/derivatives/sub-ctsr00644/ses-20140917/sub-ctsr00644_ses-20140917_sequ-23_space-aligASL_ct.nii.gz,671.4008,602.6952,534.59674,523.6701,772.812
206,/mnt/8tb_slot8/jonas/datasets/CT_nofx/derivatives/sub-ctsr00710/ses-20190326/sub-ctsr00710_ses-20190326_sequ-16_space-aligASL_ct.nii.gz,734.84265,676.27484,562.3984,521.93964,614.9073
207,/mnt/8tb_slot8/jonas/datasets/CT_nofx/derivatives/sub-ctsr01794/ses-20120603/sub-ctsr01794_ses-20120603_sequ-12_space-aligASL_ct.nii.gz,409.92734,277.28867,352.11417,334.06497,449.69217
208,/mnt/8tb_slot8/jonas/datasets/CT_nofx/derivatives/sub-ctsr00119/ses-20171118/sub-ctsr00119_ses-20171118_sequ-12_space-aligASL_ct.nii.gz,576.49255,502.72922,431.01996,383.24362,551.1059
209,/mnt/8tb_slot8/jonas/datasets/CT_nofx/derivatives/sub-ctsr01866/ses-20130808/sub-ctsr01866_ses-20130808_sequ-3_space-aligASL_ct.nii.gz,1044.4003,970.45825,821.6346,666.4252,644.9272
210,/mnt/8tb_slot8/jonas/datasets/CT_nofx/derivatives/sub-ced0355/ses-20150206/sub-ced0355_ses-20150206_sequ-25_space-aligASL_ct.nii.gz,704.3726,645.30756,653.5538,599.51044,692.0271
211,/mnt/8tb_slot8/jonas/datasets/CT_nofx/derivatives/sub-ctsr02619/ses-20091207/sub-ctsr02619_ses-20091207_sequ-18_space-aligASL_ct.nii.gz,732.478,687.2992,674.5333,616.3834,858.35406
212,/mnt/8tb_slot8/jonas/datasets/CT_nofx/derivatives/sub-ctsr00569/ses-20160901/sub-ctsr00569_ses-20160901_sequ-14_space-aligASL_ct.nii.gz,492.2231,459.3912,516.6086,423.398,630.50006
213,/mnt/8tb_slot8/jonas/datasets/CT_nofx/derivatives/sub-ctsr01269/ses-20160714/sub-ctsr01269_ses-20160714_sequ-8_space-aligASL_ct.nii.gz,680.8802,622.03436,569.59906,493.5991,637.90063
214,/mnt/8tb_slot8/jonas/datasets/CT_nofx/derivatives/sub-ctsr01098/ses-20070519/sub-ctsr01098_ses-20070519_sequ-23_space-aligASL_ct.nii.gz,269.29453,266.33542,173.07455,230.45702,298.622
215,/mnt/8tb_slot8/jonas/datasets/CT_nofx/derivatives/sub-ctsr02268/ses-20200302/sub-ctsr02268_ses-20200302_sequ-26_space-aligASL_ct.nii.gz,548.74347,571.6229,488.3804,507.62558,755.1545
216,/mnt/8tb_slot8/jonas/datasets/CT_nofx/derivatives/sub-ctsr00341/ses-20170403/sub-ctsr00341_ses-20170403_sequ-11_space-aligASL_ct.nii.gz,368.24973,363.46445,346.32565,269.3066,426.83524
217,/mnt/8tb_slot8/jonas/datasets/CT_nofx/derivatives/sub-ctsr00284/ses-20141026/sub-ctsr00284_ses-20141026_sequ-14_space-aligASL_ct.nii.gz,414.03455,402.47977,401.3805,402.49365,467.3134
218,/mnt/8tb_slot8/jonas/datasets/CT_nofx/derivatives/sub-ctsr00985/ses-20170526/sub-ctsr00985_ses-20170526_sequ-30_space-aligASL_ct.nii.gz,655.13855,630.3722,593.1881,556.0205,602.92267
219,/mnt/8tb_slot8/jonas/datasets/CT_nofx/derivatives/sub-ctsr01364/ses-20181211/sub-ctsr01364_ses-20181211_sequ-35_space-aligASL_ct.nii.gz,805.70605,762.4774,700.7738,655.32806,757.86456
220,/mnt/8tb_slot8/jonas/datasets/CT_nofx/derivatives/sub-ctsr00652/ses-20120503/sub-ctsr00652_ses-20120503_sequ-16_space-aligASL_ct.nii.gz,368.36722,346.99744,329.06375,297.75394,305.17844
221,/mnt/8tb_slot8/jonas/datasets/CT_nofx/derivatives/sub-ctsr01211/ses-20160414/sub-ctsr01211_ses-20160414_sequ-20_space-aligASL_ct.nii.gz,1132.3204,997.4763,841.49994,796.54486,998.35254
222,/mnt/8tb_slot8/jonas/datasets/CT_nofx/derivatives/sub-ctsr00318/ses-20141015/sub-ctsr00318_ses-20141015_sequ-18_space-aligASL_ct.nii.gz,821.8534,751.17883,652.16815,570.32965,704.36725
223,/mnt/8tb_slot8/jonas/datasets/CT_nofx/derivatives/sub-ctsr00253/ses-20111203/sub-ctsr00253_ses-20111203_sequ-23_space-aligASL_ct.nii.gz,287.68448,293.32013,298.57352,291.253,316.94507
224,/mnt/8tb_slot8/jonas/datasets/CT_nofx/derivatives/sub-ctsr00962/ses-20120518/sub-ctsr00962_ses-20120518_sequ-18_space-aligASL_ct.nii.gz,251.4565,303.92618,296.21417,279.04562,381.7302
225,/mnt/8tb_slot8/jonas/datasets/CT_nofx/derivatives/sub-ctsr00598/ses-20191122/sub-ctsr00598_ses-20191122_sequ-38_space-aligASL_ct.nii.gz,596.3984,558.74603,550.9175,530.03467,903.17285
226,/mnt/8tb_slot8/jonas/datasets/CT_nofx/derivatives/sub-ctsr00936/ses-20210511/sub-ctsr00936_ses-20210511_sequ-13_space-aligASL_ct.nii.gz,690.99713,644.6844,584.28174,512.1562,672.37134
227,/mnt/8tb_slot8/jonas/datasets/CT_nofx/derivatives/sub-ctsr00109/ses-20210125/sub-ctsr00109_ses-20210125_sequ-19_space-aligASL_ct.nii.gz,518.38385,493.921,480.20734,483.2401,623.19275
228,/mnt/8tb_slot8/jonas/datasets/CT_nofx/derivatives/sub-ctsr00687/ses-20130527/sub-ctsr00687_ses-20130527_sequ-29_space-aligASL_ct.nii.gz,603.73065,554.17004,500.69064,430.67444,585.2852
229,/mnt/8tb_slot8/jonas/datasets/CT_nofx/derivatives/sub-ced0094/ses-20170201/sub-ced0094_ses-20170201_sequ-11_space-aligASL_ct.nii.gz,361.7652,346.10477,345.88806,362.37778,417.04236
230,/mnt/8tb_slot8/jonas/datasets/CT_nofx/derivatives/sub-ctsr01893/ses-20190330/sub-ctsr01893_ses-20190330_sequ-11_space-aligASL_ct.nii.gz,676.5215,769.2224,737.8002,766.3956,1190.1434
231,/mnt/8tb_slot8/jonas/datasets/CT_nofx/derivatives/sub-ctsr00098/ses-20110405/sub-ctsr00098_ses-20110405_sequ-15_space-aligASL_ct.nii.gz,153.83711,149.75891,160.81812,181.66968,301.01584
232,/mnt/8tb_slot8/jonas/datasets/CT_nofx/derivatives/sub-ctsr00307/ses-20181027/sub-ctsr00307_ses-20181027_sequ-10_space-aligASL_ct.nii.gz,565.3556,573.15967,573.40704,578.22516,775.21185
233,/mnt/8tb_slot8/jonas/datasets/CT_nofx/derivatives/sub-ctsr00545/ses-20110804/sub-ctsr00545_ses-20110804_sequ-12_space-aligASL_ct.nii.gz,368.3451,329.4385,321.73328,323.7843,397.47998
234,/mnt/8tb_slot8/jonas/datasets/CT_nofx/derivatives/sub-ctsr00883/ses-20201006/sub-ctsr00883_ses-20201006_sequ-12_space-aligASL_ct.nii.gz,940.4785,963.9454,740.74866,818.499,951.6878
235,/mnt/8tb_slot8/jonas/datasets/CT_nofx/derivatives/sub-ctsr01261/ses-20170523/sub-ctsr01261_ses-20170523_sequ-17_space-aligASL_ct.nii.gz,457.40234,433.31784,408.47,390.0009,545.70654
236,/mnt/8tb_slot8/jonas/datasets/CT_nofx/derivatives/sub-ctsr01350/ses-20201209/sub-ctsr01350_ses-20201209_sequ-17_space-aligASL_ct.nii.gz,790.6563,738.3139,664.58344,563.3681,618.80597
237,/mnt/8tb_slot8/jonas/datasets/CT_nofx/derivatives/sub-ctsr01436/ses-20170616/sub-ctsr01436_ses-20170616_sequ-16_space-aligASL_ct.nii.gz,335.56784,372.3267,365.57162,314.92334,442.7948
238,/mnt/8tb_slot8/jonas/datasets/CT_nofx/derivatives/sub-ctsr01072/ses-20170808/sub-ctsr01072_ses-20170808_sequ-12_space-aligASL_ct.nii.gz,725.6343,688.03723,614.53033,591.1362,840.17816
239,/mnt/8tb_slot8/jonas/datasets/CT_nofx/derivatives/sub-ctsr02290/ses-20161024/sub-ctsr02290_ses-20161024_sequ-16_space-aligASL_ct.nii.gz,697.2744,638.8612,575.4364,550.10406,849.9162
240,/mnt/8tb_slot8/jonas/datasets/CT_nofx/derivatives/sub-ctsr00677/ses-20150901/sub-ctsr00677_ses-20150901_sequ-17_space-aligASL_ct.nii.gz,573.81256,534.855,476.73657,465.6341,729.88086
241,/mnt/8tb_slot8/jonas/datasets/CT_nofx/derivatives/sub-ctsr00231/ses-20201018/sub-ctsr00231_ses-20201018_sequ-23_space-aligASL_ct.nii.gz,944.74023,863.7994,627.6108,617.81244,801.4601
242,/mnt/8tb_slot8/jonas/datasets/CT_nofx/derivatives/sub-ctsr00019/ses-20201209/sub-ctsr00019_ses-20201209_sequ-704_space-aligASL_ct.nii.gz,613.73004,551.4536,512.3051,438.08154,473.09814
243,/mnt/8tb_slot8/jonas/datasets/CT_nofx/derivatives/sub-ctsr01299/ses-20181127/sub-ctsr01299_ses-20181127_sequ-22_space-aligASL_ct.nii.gz,969.20435,807.37085,743.8192,584.9097,721.88196
244,/mnt/8tb_slot8/jonas/datasets/CT_nofx/derivatives/sub-ctsr01629/ses-20131203/sub-ctsr01629_ses-20131203_sequ-13_space-aligASL_ct.nii.gz,376.7751,351.25226,328.69678,202.19751,359.19086
245,/mnt/8tb_slot8/jonas/datasets/CT_nofx/derivatives/sub-ctsr00230/ses-20210724/sub-ctsr00230_ses-20210724_sequ-8_space-aligASL_ct.nii.gz,916.0391,841.1145,741.3039,667.79706,880.7575
246,/mnt/8tb_slot8/jonas/datasets/CT_nofx/derivatives/sub-ctsr00344/ses-20160826/sub-ctsr00344_ses-20160826_sequ-704_space-aligASL_ct.nii.gz,646.6215,515.9658,538.6294,458.57166,668.41406
247,/mnt/8tb_slot8/jonas/datasets/CT_nofx/derivatives/sub-ctsr00846/ses-20180622/sub-ctsr00846_ses-20180622_sequ-21_space-aligASL_ct.nii.gz,819.62695,774.7483,689.64526,573.1714,766.5304
248,/mnt/8tb_slot8/jonas/datasets/CT_nofx/derivatives/sub-ctsr00858/ses-20141207/sub-ctsr00858_ses-20141207_sequ-11_space-aligASL_ct.nii.gz,390.40833,376.39755,363.18057,327.00076,428.05984
249,/mnt/8tb_slot8/jonas/datasets/CT_nofx/derivatives/sub-ctsr00603/ses-20180820/sub-ctsr00603_ses-20180820_sequ-16_space-aligASL_ct.nii.gz,792.323,714.4265,620.16833,542.30676,558.9521
250,/mnt/8tb_slot8/jonas/datasets/CT_nofx/derivatives/sub-ctsr01462/ses-20191022/sub-ctsr01462_ses-20191022_sequ-21_space-aligASL_ct.nii.gz,545.9237,506.07578,455.22958,448.06888,465.89886
251,/mnt/8tb_slot8/jonas/datasets/CT_nofx/derivatives/sub-ctsr01165/ses-20170715/sub-ctsr01165_ses-20170715_sequ-12_space-aligASL_ct.nii.gz,434.5581,430.77686,418.39755,425.40796,504.4303
252,/mnt/8tb_slot8/jonas/datasets/CT_nofx/derivatives/sub-ctsr00531/ses-20170515/sub-ctsr00531_ses-20170515_sequ-20_space-aligASL_ct.nii.gz,822.7518,809.7949,554.25745,639.5053,826.71844
253,/mnt/8tb_slot8/jonas/datasets/CT_nofx/derivatives/sub-ctsr01150/ses-20190907/sub-ctsr01150_ses-20190907_sequ-29_space-aligASL_ct.nii.gz,643.7216,617.12604,521.77747,505.94717,631.9539
254,/mnt/8tb_slot8/jonas/datasets/CT_nofx/derivatives/sub-ctsr02624/ses-20210515/sub-ctsr02624_ses-20210515_sequ-12_space-aligASL_ct.nii.gz,877.9021,858.3175,987.717,1260.1543,1607.7189
255,/mnt/8tb_slot8/jonas/datasets/CT_nofx/derivatives/sub-ctsr00262/ses-20060627/sub-ctsr00262_ses-20060627_sequ-14_space-aligASL_ct.nii.gz,314.09833,292.96588,297.10025,266.1254,402.7387
256,/mnt/8tb_slot8/jonas/datasets/CT_nofx/derivatives/sub-ctsr00845/ses-20180922/sub-ctsr00845_ses-20180922_sequ-10_space-aligASL_ct.nii.gz,668.6326,591.8824,519.66754,529.6737,704.3793
257,/mnt/8tb_slot8/jonas/datasets/CT_nofx/derivatives/sub-ctsr01565/ses-20180213/sub-ctsr01565_ses-20180213_sequ-16_space-aligASL_ct.nii.gz,1053.3865,917.95685,824.44745,729.2699,820.2822
258,/mnt/8tb_slot8/jonas/datasets/CT_nofx/derivatives/sub-ctsr00529/ses-20170830/sub-ctsr00529_ses-20170830_sequ-406_space-aligASL_ct.nii.gz,707.9769,676.3777,644.40643,658.8796,922.79956
259,/mnt/8tb_slot8/jonas/datasets/CT_nofx/derivatives/sub-ctsr01641/ses-20210607/sub-ctsr01641_ses-20210607_sequ-19_space-aligASL_ct.nii.gz,848.6742,877.1187,680.1982,674.7891,761.4048
260,/mnt/8tb_slot8/jonas/datasets/CT_nofx/derivatives/sub-ctsr00944/ses-20171207/sub-ctsr00944_ses-20171207_sequ-18_space-aligASL_ct.nii.gz,540.9488,491.89096,442.26096,406.53534,612.41156
261,/mnt/8tb_slot8/jonas/datasets/CT_nofx/derivatives/sub-ctsr00999/ses-20120729/sub-ctsr00999_ses-20120729_sequ-16_space-aligASL_ct.nii.gz,266.45706,251.40938,237.05467,252.32242,353.08246
262,/mnt/8tb_slot8/jonas/datasets/CT_nofx/derivatives/sub-ctsr00034/ses-20181204/sub-ctsr00034_ses-20181204_sequ-10_space-aligASL_ct.nii.gz,857.54535,755.04144,772.92017,777.5682,1243.6154
263,/mnt/8tb_slot8/jonas/datasets/CT_nofx/derivatives/sub-ctsr00600/ses-20190530/sub-ctsr00600_ses-20190530_sequ-60300_space-aligASL_ct.nii.gz,559.1349,554.23065,580.4159,615.7387,870.2752
264,/mnt/8tb_slot8/jonas/datasets/CT_nofx/derivatives/sub-ctsr00205/ses-20140125/sub-ctsr00205_ses-20140125_sequ-13_space-aligASL_ct.nii.gz,813.9381,756.52246,683.7887,575.3823,1015.914
265,/mnt/8tb_slot8/jonas/datasets/CT_nofx/derivatives/sub-ctsr01227/ses-20111220/sub-ctsr01227_ses-20111220_sequ-12_space-aligASL_ct.nii.gz,353.98486,335.48492,292.57748,321.96414,388.85663
266,/mnt/8tb_slot8/jonas/datasets/CT_nofx/derivatives/sub-ctsr00818/ses-20141018/sub-ctsr00818_ses-20141018_sequ-14_space-aligASL_ct.nii.gz,576.43884,511.3733,614.00995,548.00885,529.2625
267,/mnt/8tb_slot8/jonas/datasets/CT_nofx/derivatives/sub-ctsr00062/ses-20210817/sub-ctsr00062_ses-20210817_sequ-12_space-aligASL_ct.nii.gz,517.7437,476.6245,438.67017,441.5699,557.4205
268,/mnt/8tb_slot8/jonas/datasets/CT_nofx/derivatives/sub-ctsr00981/ses-20180829/sub-ctsr00981_ses-20180829_sequ-23_space-aligASL_ct.nii.gz,586.02527,538.6134,479.8008,465.16028,526.0361
269,/mnt/8tb_slot8/jonas/datasets/CT_nofx/derivatives/sub-ctsr01312/ses-20170717/sub-ctsr01312_ses-20170717_sequ-11_space-aligASL_ct.nii.gz,428.4794,411.4423,387.17197,379.1505,471.53345
270,/mnt/8tb_slot8/jonas/datasets/CT_nofx/derivatives/sub-ctsr00105/ses-20080424/sub-ctsr00105_ses-20080424_sequ-15_space-aligASL_ct.nii.gz,220.67139,203.21107,281.79642,254.6711,329.7419
271,/mnt/8tb_slot8/jonas/datasets/CT_nofx/derivatives/sub-ctsr00120/ses-20171024/sub-ctsr00120_ses-20171024_sequ-13_space-aligASL_ct.nii.gz,373.80878,362.45053,346.77783,317.85764,475.56973
272,/mnt/8tb_slot8/jonas/datasets/CT_nofx/derivatives/sub-ctsr00655/ses-20110816/sub-ctsr00655_ses-20110816_sequ-16_space-aligASL_ct.nii.gz,390.24106,363.41684,333.778,256.28998,353.10596
273,/mnt/8tb_slot8/jonas/datasets/CT_nofx/derivatives/sub-ctsr00484/ses-20190108/sub-ctsr00484_ses-20190108_sequ-12_space-aligASL_ct.nii.gz,744.5973,673.77545,622.52673,537.10205,677.7911
274,/mnt/8tb_slot8/jonas/datasets/CT_nofx/derivatives/sub-ctsr01110/ses-20180519/sub-ctsr01110_ses-20180519_sequ-25_space-aligASL_ct.nii.gz,740.99774,684.55505,597.8778,609.5352,761.6332
275,/mnt/8tb_slot8/jonas/datasets/CT_nofx/derivatives/sub-ctsr01760/ses-20100628/sub-ctsr01760_ses-20100628_sequ-14_space-aligASL_ct.nii.gz,240.56165,325.09937,238.10028,311.38455,354.8415
276,/mnt/8tb_slot8/jonas/datasets/CT_nofx/derivatives/sub-ctsr00091/ses-20120719/sub-ctsr00091_ses-20120719_sequ-14_space-aligASL_ct.nii.gz,304.345,289.5069,275.18256,251.08954,336.9054
277,/mnt/8tb_slot8/jonas/datasets/CT_nofx/derivatives/sub-ctsr00289/ses-20130715/sub-ctsr00289_ses-20130715_sequ-17_space-aligASL_ct.nii.gz,259.43365,250.90813,247.30515,236.7065,314.79562
278,/mnt/8tb_slot8/jonas/datasets/CT_nofx/derivatives/sub-ctsr00232/ses-20200318/sub-ctsr00232_ses-20200318_sequ-16_space-aligASL_ct.nii.gz,727.4011,675.94037,635.3505,583.115,657.90875
279,/mnt/8tb_slot8/jonas/datasets/CT_nofx/derivatives/sub-ctsr00764/ses-20070114/sub-ctsr00764_ses-20070114_sequ-5_space-aligASL_ct.nii.gz,429.58408,399.9314,359.61862,330.92532,353.7691
280,/mnt/8tb_slot8/jonas/datasets/CT_nofx/derivatives/sub-ctsr02568/ses-20150430/sub-ctsr02568_ses-20150430_sequ-11_space-aligASL_ct.nii.gz,551.172,623.62506,701.7448,899.28186,1344.1298
281,/mnt/8tb_slot8/jonas/datasets/CT_nofx/derivatives/sub-ctsr00617/ses-20140615/sub-ctsr00617_ses-20140615_sequ-21_space-aligASL_ct.nii.gz,839.5756,754.3093,617.1458,672.624,966.23413
282,/mnt/8tb_slot8/jonas/datasets/CT_nofx/derivatives/sub-ctsr00785/ses-20160704/sub-ctsr00785_ses-20160704_sequ-9_space-aligASL_ct.nii.gz,471.65808,451.12503,423.86642,413.75858,588.7431
283,/mnt/8tb_slot8/jonas/datasets/CT_nofx/derivatives/sub-ctsr02567/ses-20150919/sub-ctsr02567_ses-20150919_sequ-13_space-aligASL_ct.nii.gz,949.0946,1003.424,846.565,781.20776,1076.6422
284,/mnt/8tb_slot8/jonas/datasets/CT_nofx/derivatives/sub-ctsr01509/ses-20170830/sub-ctsr01509_ses-20170830_sequ-11_space-aligASL_ct.nii.gz,935.6612,832.5475,736.8195,677.2908,1149.2336
285,/mnt/8tb_slot8/jonas/datasets/CT_nofx/derivatives/sub-ctsr00946/ses-20180623/sub-ctsr00946_ses-20180623_sequ-50198_space-aligASL_ct.nii.gz,381.05338,353.07996,331.191,330.47147,399.97556
286,/mnt/8tb_slot8/jonas/datasets/CT_nofx/derivatives/sub-ctsr01344/ses-20090720/sub-ctsr01344_ses-20090720_sequ-15_space-aligASL_ct.nii.gz,325.40274,319.2908,197.28406,297.63718,346.82034
287,/mnt/8tb_slot8/jonas/datasets/CT_nofx/derivatives/sub-ctsr02292/ses-20150809/sub-ctsr02292_ses-20150809_sequ-14_space-aligASL_ct.nii.gz,850.9292,694.2729,695.8046,580.9088,606.65717
288,/mnt/8tb_slot8/jonas/datasets/CT_nofx/derivatives/sub-ctsr01326/ses-20151005/sub-ctsr01326_ses-20151005_sequ-16_space-aligASL_ct.nii.gz,785.19727,711.4007,639.37756,608.5073,787.6547
289,/mnt/8tb_slot8/jonas/datasets/CT_nofx/derivatives/sub-ctsr01647/ses-20200306/sub-ctsr01647_ses-20200306_sequ-12_space-aligASL_ct.nii.gz,749.39606,672.02795,587.50916,570.0106,712.3521
290,/mnt/8tb_slot8/jonas/datasets/CT_nofx/derivatives/sub-ctsr01254/ses-20170714/sub-ctsr01254_ses-20170714_sequ-17_space-aligASL_ct.nii.gz,377.6714,320.18875,308.9789,351.5841,366.06433
291,/mnt/8tb_slot8/jonas/datasets/CT_nofx/derivatives/sub-ctsr00013/ses-20150704/sub-ctsr00013_ses-20150704_sequ-14_space-aligASL_ct.nii.gz,957.0682,882.5381,791.86945,661.8154,911.25433
292,/mnt/8tb_slot8/jonas/datasets/CT_nofx/derivatives/sub-ctsr00150/ses-20181226/sub-ctsr00150_ses-20181226_sequ-16_space-aligASL_ct.nii.gz,631.03467,583.55457,549.7573,540.04785,787.1061
293,/mnt/8tb_slot8/jonas/datasets/CT_nofx/derivatives/sub-ctsr00580/ses-20141003/sub-ctsr00580_ses-20141003_sequ-21_space-aligASL_ct.nii.gz,813.96094,687.2937,626.0516,555.33154,791.24225
294,/mnt/8tb_slot8/jonas/datasets/CT_nofx/derivatives/sub-ctsr00748/ses-20151228/sub-ctsr00748_ses-20151228_sequ-13_space-aligASL_ct.nii.gz,441.65005,412.2325,386.01126,338.6604,427.49985
295,/mnt/8tb_slot8/jonas/datasets/CT_nofx/derivatives/sub-ctsr00661/ses-20080127/sub-ctsr00661_ses-20080127_sequ-26_space-aligASL_ct.nii.gz,423.35022,413.41577,371.68332,349.0443,374.50732
296,/mnt/8tb_slot8/jonas/datasets/CT_nofx/derivatives/sub-ctsr01220/ses-20140623/sub-ctsr01220_ses-20140623_sequ-19_space-aligASL_ct.nii.gz,788.0477,698.0335,628.66547,601.1903,610.8394
297,/mnt/8tb_slot8/jonas/datasets/CT_nofx/derivatives/sub-ctsr00892/ses-20180704/sub-ctsr00892_ses-20180704_sequ-13_space-aligASL_ct.nii.gz,1046.8309,981.5444,922.5597,894.2726,1148.6981
298,/mnt/8tb_slot8/jonas/datasets/CT_nofx/derivatives/sub-ctsr00996/ses-20130224/sub-ctsr00996_ses-20130224_sequ-8_space-aligASL_ct.nii.gz,582.9985,604.95215,589.10065,582.6514,747.6898
299,/mnt/8tb_slot8/jonas/datasets/CT_nofx/derivatives/sub-ctsr00347/ses-20151102/sub-ctsr00347_ses-20151102_sequ-13_space-aligASL_ct.nii.gz,1113.3187,1049.8896,914.75586,913.4369,1190.3472
300,/mnt/8tb_slot8/jonas/datasets/CT_nofx/derivatives/sub-ctsr01201/ses-20171228/sub-ctsr01201_ses-20171228_sequ-16_space-aligASL_ct.nii.gz,451.535,426.30566,439.33737,481.69592,714.0111
301,/mnt/8tb_slot8/jonas/datasets/CT_nofx/derivatives/sub-ctsr01489/ses-20130819/sub-ctsr01489_ses-20130819_sequ-10_space-aligASL_ct.nii.gz,440.01175,404.62976,367.7449,331.9796,332.38943
302,/mnt/8tb_slot8/jonas/datasets/CT_nofx/derivatives/sub-ctsr01128/ses-20140118/sub-ctsr01128_ses-20140118_sequ-19_space-aligASL_ct.nii.gz,559.6525,521.0099,468.07425,453.48917,690.6357
303,/mnt/8tb_slot8/jonas/datasets/CT_nofx/derivatives/sub-ctsr01599/ses-20190621/sub-ctsr01599_ses-20190621_sequ-13_space-aligASL_ct.nii.gz,653.00146,576.4614,519.664,711.71893,1064.5525
304,/mnt/8tb_slot8/jonas/datasets/CT_nofx/derivatives/sub-ctsr00094/ses-20110729/sub-ctsr00094_ses-20110729_sequ-13_space-aligASL_ct.nii.gz,309.9285,304.5263,289.65125,263.04318,331.37256
305,/mnt/8tb_slot8/jonas/datasets/CT_nofx/derivatives/sub-ctsr01352/ses-20200723/sub-ctsr01352_ses-20200723_sequ-16_space-aligASL_ct.nii.gz,881.8116,807.9455,710.89026,612.10016,650.77203
306,/mnt/8tb_slot8/jonas/datasets/CT_nofx/derivatives/sub-ctsr01084/ses-20130806/sub-ctsr01084_ses-20130806_sequ-15_space-aligASL_ct.nii.gz,294.70795,277.53174,257.3196,261.80984,330.47165
307,/mnt/8tb_slot8/jonas/datasets/CT_nofx/derivatives/sub-ctsr02569/ses-20141015/sub-ctsr02569_ses-20141015_sequ-11_space-aligASL_ct.nii.gz,793.50696,676.11426,621.8248,699.29193,999.5252
308,/mnt/8tb_slot8/jonas/datasets/CT_nofx/derivatives/sub-ctsr00836/ses-20210715/sub-ctsr00836_ses-20210715_sequ-12_space-aligASL_ct.nii.gz,852.18463,789.93146,682.5698,640.9855,672.52924
309,/mnt/8tb_slot8/jonas/datasets/CT_nofx/derivatives/sub-ctsr01746/ses-20171214/sub-ctsr01746_ses-20171214_sequ-8_space-aligASL_ct.nii.gz,911.1828,761.66656,646.27673,562.2834,898.7049
310,/mnt/8tb_slot8/jonas/datasets/CT_nofx/derivatives/sub-ctsr02029/ses-20210325/sub-ctsr02029_ses-20210325_sequ-20_space-aligASL_ct.nii.gz,800.7615,756.16345,689.0502,602.8745,888.8284
311,/mnt/8tb_slot8/jonas/datasets/CT_nofx/derivatives/sub-ctsr00647/ses-20140131/sub-ctsr00647_ses-20140131_sequ-15_space-aligASL_ct.nii.gz,1107.8907,1038.0018,973.1135,895.3948,1194.7754
312,/mnt/8tb_slot8/jonas/datasets/CT_nofx/derivatives/sub-ctsr02339/ses-20160322/sub-ctsr02339_ses-20160322_sequ-509_space-aligASL_ct.nii.gz,1045.8856,682.2317,809.75146,638.29376,1057.3759
313,/mnt/8tb_slot8/jonas/datasets/CT_nofx/derivatives/sub-ctsr02092/ses-20140415/sub-ctsr02092_ses-20140415_sequ-10_space-aligASL_ct.nii.gz,321.29425,398.32904,433.16122,467.25076,647.7592
314,/mnt/8tb_slot8/jonas/datasets/CT_nofx/derivatives/sub-ctsr01014/ses-20200627/sub-ctsr01014_ses-20200627_sequ-15_space-aligASL_ct.nii.gz,739.49774,652.16235,616.417,557.58545,654.792
315,/mnt/8tb_slot8/jonas/datasets/CT_nofx/derivatives/sub-ctsr01556/ses-20190401/sub-ctsr01556_ses-20190401_sequ-15_space-aligASL_ct.nii.gz,546.66974,683.7146,645.6378,555.0131,643.4415
316,/mnt/8tb_slot8/jonas/datasets/CT_nofx/derivatives/sub-ctsr00355/ses-20090907/sub-ctsr00355_ses-20090907_sequ-14_space-aligASL_ct.nii.gz,339.09073,335.21344,324.21198,300.82706,367.52026
317,/mnt/8tb_slot8/jonas/datasets/CT_nofx/derivatives/sub-ctsr02595/ses-20180813/sub-ctsr02595_ses-20180813_sequ-23_space-aligASL_ct.nii.gz,503.91708,484.4995,519.59375,567.98737,795.808
318,/mnt/8tb_slot8/jonas/datasets/CT_nofx/derivatives/sub-ctsr01171/ses-20150805/sub-ctsr01171_ses-20150805_sequ-9_space-aligASL_ct.nii.gz,688.8296,652.3139,641.39844,596.3081,780.0442
319,/mnt/8tb_slot8/jonas/datasets/CT_nofx/derivatives/sub-ctsr00226/ses-20070816/sub-ctsr00226_ses-20070816_sequ-11_space-aligASL_ct.nii.gz,265.68506,261.98123,260.875,255.95155,285.6343
320,/mnt/8tb_slot8/jonas/datasets/CT_nofx/derivatives/sub-ctsr00593/ses-20201118/sub-ctsr00593_ses-20201118_sequ-304_space-aligASL_ct.nii.gz,870.1848,850.32635,716.0298,705.0322,823.5782
321,/mnt/8tb_slot8/jonas/datasets/CT_nofx/derivatives/sub-ctsr00448/ses-20200719/sub-ctsr00448_ses-20200719_sequ-23_space-aligASL_ct.nii.gz,678.6206,626.4931,558.41705,505.89597,772.1315
322,/mnt/8tb_slot8/jonas/datasets/CT_nofx/derivatives/sub-ctsr01494/ses-20070706/sub-ctsr01494_ses-20070706_sequ-13_space-aligASL_ct.nii.gz,294.07938,281.94553,270.64017,212.52173,284.14987
323,/mnt/8tb_slot8/jonas/datasets/CT_nofx/derivatives/sub-ctsr00340/ses-20170831/sub-ctsr00340_ses-20170831_sequ-9_space-aligASL_ct.nii.gz,617.47156,556.7075,503.47018,500.33377,622.28455
324,/mnt/8tb_slot8/jonas/datasets/CT_nofx/derivatives/sub-ctsr00820/ses-20131212/sub-ctsr00820_ses-20131212_sequ-14_space-aligASL_ct.nii.gz,428.8103,385.32883,393.35504,373.52316,537.5161
325,/mnt/8tb_slot8/jonas/datasets/CT_nofx/derivatives/sub-ctsr00869/ses-20120402/sub-ctsr00869_ses-20120402_sequ-12_space-aligASL_ct.nii.gz,348.42365,360.11853,356.6045,343.95065,410.4874
326,/mnt/8tb_slot8/jonas/datasets/CT_nofx/derivatives/sub-ctsr01067/ses-20180628/sub-ctsr01067_ses-20180628_sequ-8_space-aligASL_ct.nii.gz,925.7925,847.32245,763.7489,634.57605,645.55457
327,/mnt/8tb_slot8/jonas/datasets/CT_nofx/derivatives/sub-ctsr01250/ses-20181013/sub-ctsr01250_ses-20181013_sequ-20_space-aligASL_ct.nii.gz,420.87503,383.4116,364.1924,373.2382,448.13098
328,/mnt/8tb_slot8/jonas/datasets/CT_nofx/derivatives/sub-ctsr00162/ses-20160329/sub-ctsr00162_ses-20160329_sequ-10_space-aligASL_ct.nii.gz,473.3478,429.86124,389.0499,343.9524,409.28467
329,/mnt/8tb_slot8/jonas/datasets/CT_nofx/derivatives/sub-ctsr02336/ses-20160907/sub-ctsr02336_ses-20160907_sequ-20_space-aligASL_ct.nii.gz,641.9805,580.0869,539.69403,541.2613,647.3896
330,/mnt/8tb_slot8/jonas/datasets/CT_nofx/derivatives/sub-ctsr01498/ses-20201110/sub-ctsr01498_ses-20201110_sequ-10_space-aligASL_ct.nii.gz,853.7265,779.36804,678.61865,574.4127,541.53046
331,/mnt/8tb_slot8/jonas/datasets/CT_nofx/derivatives/sub-ctsr01207/ses-20171019/sub-ctsr01207_ses-20171019_sequ-17_space-aligASL_ct.nii.gz,739.0901,655.59125,571.9525,694.86725,969.1612
332,/mnt/8tb_slot8/jonas/datasets/CT_nofx/derivatives/sub-ctsr00704/ses-20191018/sub-ctsr00704_ses-20191018_sequ-8_space-aligASL_ct.nii.gz,1132.204,943.21814,850.4043,812.6921,978.77167
333,/mnt/8tb_slot8/jonas/datasets/CT_nofx/derivatives/sub-ctsr00606/ses-20170808/sub-ctsr00606_ses-20170808_sequ-7_space-aligASL_ct.nii.gz,517.5902,488.72223,489.09286,538.2738,626.41003
334,/mnt/8tb_slot8/jonas/datasets/CT_nofx/derivatives/sub-ctsr02249/ses-20140716/sub-ctsr02249_ses-20140716_sequ-5_space-aligASL_ct.nii.gz,635.46783,596.5523,588.20886,544.9477,666.12506
335,/mnt/8tb_slot8/jonas/datasets/CT_nofx/derivatives/sub-ctsr01353/ses-20200715/sub-ctsr01353_ses-20200715_sequ-15_space-aligASL_ct.nii.gz,944.789,844.1052,782.93976,722.2018,1023.21564
336,/mnt/8tb_slot8/jonas/datasets/CT_nofx/derivatives/sub-ctsr02674/ses-20190920/sub-ctsr02674_ses-20190920_sequ-26_space-aligASL_ct.nii.gz,620.3749,346.64435,551.8735,550.82947,1040.6356
337,/mnt/8tb_slot8/jonas/datasets/CT_nofx/derivatives/sub-ctsr01696/ses-20201119/sub-ctsr01696_ses-20201119_sequ-10_space-aligASL_ct.nii.gz,880.21936,808.5087,703.2055,683.9031,745.1768
338,/mnt/8tb_slot8/jonas/datasets/CT_nofx/derivatives/sub-ctsr00078/ses-20161120/sub-ctsr00078_ses-20161120_sequ-6_space-aligASL_ct.nii.gz,819.0002,747.6774,636.1332,544.6542,645.2421
339,/mnt/8tb_slot8/jonas/datasets/CT_nofx/derivatives/sub-ctsr01767/ses-20200701/sub-ctsr01767_ses-20200701_sequ-24_space-aligASL_ct.nii.gz,897.59375,821.7101,721.4196,653.79016,692.9596
340,/mnt/8tb_slot8/jonas/datasets/CT_nofx/derivatives/sub-ctsr02099/ses-20210311/sub-ctsr02099_ses-20210311_sequ-16_space-aligASL_ct.nii.gz,806.4344,762.8706,670.5523,674.41174,605.9897
341,/mnt/8tb_slot8/jonas/datasets/CT_nofx/derivatives/sub-ctsr00809/ses-20181031/sub-ctsr00809_ses-20181031_sequ-18_space-aligASL_ct.nii.gz,531.23737,486.12152,506.53564,514.45276,735.8143
342,/mnt/8tb_slot8/jonas/datasets/CT_nofx/derivatives/sub-ctsr01121/ses-20151001/sub-ctsr01121_ses-20151001_sequ-14_space-aligASL_ct.nii.gz,1001.45593,933.2968,880.57184,782.47754,986.1068
343,/mnt/8tb_slot8/jonas/datasets/CT_nofx/derivatives/sub-ctsr02068/ses-20201122/sub-ctsr02068_ses-20201122_sequ-13_space-aligASL_ct.nii.gz,784.2026,699.9264,584.6838,554.38043,624.8447
344,/mnt/8tb_slot8/jonas/datasets/CT_nofx/derivatives/sub-ctsr00283/ses-20150308/sub-ctsr00283_ses-20150308_sequ-27_space-aligASL_ct.nii.gz,569.1766,517.1834,468.35672,411.9983,501.57828
345,/mnt/8tb_slot8/jonas/datasets/CT_nofx/derivatives/sub-ctsr00990/ses-20160714/sub-ctsr00990_ses-20160714_sequ-15_space-aligASL_ct.nii.gz,599.96014,521.612,546.95844,534.424,657.81934
346,/mnt/8tb_slot8/jonas/datasets/CT_nofx/derivatives/sub-ctsr00146/ses-20210604/sub-ctsr00146_ses-20210604_sequ-15_space-aligASL_ct.nii.gz,534.6264,585.42535,480.4664,566.70184,853.302
347,/mnt/8tb_slot8/jonas/datasets/CT_nofx/derivatives/sub-ctsr02309/ses-20120729/sub-ctsr02309_ses-20120729_sequ-13_space-aligASL_ct.nii.gz,666.9794,502.51654,446.02078,487.09827,567.60986
348,/mnt/8tb_slot8/jonas/datasets/CT_nofx/derivatives/sub-ctsr01590/ses-20200704/sub-ctsr01590_ses-20200704_sequ-9_space-aligASL_ct.nii.gz,802.39557,709.961,614.6119,618.7508,915.4222
349,/mnt/8tb_slot8/jonas/datasets/CT_nofx/derivatives/sub-ctsr01272/ses-20141122/sub-ctsr01272_ses-20141122_sequ-14_space-aligASL_ct.nii.gz,423.63565,413.61716,416.25125,423.04004,459.1997
350,/mnt/8tb_slot8/jonas/datasets/CT_nofx/derivatives/sub-ctsr00121/ses-20180119/sub-ctsr00121_ses-20180119_sequ-14_space-aligASL_ct.nii.gz,509.98312,498.3317,492.77722,475.33374,654.36774
351,/mnt/8tb_slot8/jonas/datasets/CT_nofx/derivatives/sub-ctsr02689/ses-20161104/sub-ctsr02689_ses-20161104_sequ-27_space-aligASL_ct.nii.gz,730.7155,788.279,862.90594,924.13696,1284.5059
352,/mnt/8tb_slot8/jonas/datasets/CT_nofx/derivatives/sub-ctsr00637/ses-20170325/sub-ctsr00637_ses-20170325_sequ-9_space-aligASL_ct.nii.gz,578.99316,600.5322,561.9223,472.89365,644.1939
353,/mnt/8tb_slot8/jonas/datasets/CT_nofx/derivatives/sub-ctsr01287/ses-20210720/sub-ctsr01287_ses-20210720_sequ-19_space-aligASL_ct.nii.gz,663.5851,593.55817,529.0873,456.90732,622.24066
354,/mnt/8tb_slot8/jonas/datasets/CT_nofx/derivatives/sub-ctsr01519/ses-20160205/sub-ctsr01519_ses-20160205_sequ-12_space-aligASL_ct.nii.gz,509.48016,464.05844,442.91263,415.51697,621.27405
355,/mnt/8tb_slot8/jonas/datasets/CT_nofx/derivatives/sub-ctsr01041/ses-20120724/sub-ctsr01041_ses-20120724_sequ-6_space-aligASL_ct.nii.gz,713.4135,621.1361,587.8798,548.2574,681.20667
356,/mnt/8tb_slot8/jonas/datasets/CT_nofx/derivatives/sub-ctsr00212/ses-20120824/sub-ctsr00212_ses-20120824_sequ-13_space-aligASL_ct.nii.gz,333.31085,311.7742,298.06985,266.03778,330.06815
357,/mnt/8tb_slot8/jonas/datasets/CT_nofx/derivatives/sub-ctsr01995/ses-20190502/sub-ctsr01995_ses-20190502_sequ-15_space-aligASL_ct.nii.gz,939.92975,871.57965,763.322,702.6554,585.57556
358,/mnt/8tb_slot8/jonas/datasets/CT_nofx/derivatives/sub-ctsr01790/ses-20150928/sub-ctsr01790_ses-20150928_sequ-10_space-aligASL_ct.nii.gz,957.9631,896.04376,817.1395,704.5263,859.77686
359,/mnt/8tb_slot8/jonas/datasets/CT_nofx/derivatives/sub-ctsr02491/ses-20111111/sub-ctsr02491_ses-20111111_sequ-11_space-aligASL_ct.nii.gz,456.65628,422.14188,397.64767,355.1624,449.21063
360,/mnt/8tb_slot8/jonas/datasets/CT_nofx/derivatives/sub-ctsr01281/ses-20120617/sub-ctsr01281_ses-20120617_sequ-13_space-aligASL_ct.nii.gz,388.7052,366.3844,346.25323,332.05804,308.81516
361,/mnt/8tb_slot8/jonas/datasets/CT_nofx/derivatives/sub-ctsr01846/ses-20200210/sub-ctsr01846_ses-20200210_sequ-13_space-aligASL_ct.nii.gz,647.3078,621.8073,611.7362,585.7231,765.69855
362,/mnt/8tb_slot8/jonas/datasets/CT_nofx/derivatives/sub-ctsr00605/ses-20170903/sub-ctsr00605_ses-20170903_sequ-4_space-aligASL_ct.nii.gz,779.98096,726.761,650.5256,553.267,658.7642
363,/mnt/8tb_slot8/jonas/datasets/CT_nofx/derivatives/sub-ctsr00452/ses-20170802/sub-ctsr00452_ses-20170802_sequ-9_space-aligASL_ct.nii.gz,436.3747,409.19302,377.37747,333.17096,482.21228
364,/mnt/8tb_slot8/jonas/datasets/CT_nofx/derivatives/sub-ctsr02675/ses-20200615/sub-ctsr02675_ses-20200615_sequ-46_space-aligASL_ct.nii.gz,581.1128,554.77246,561.7625,715.5924,1056.6172
365,/mnt/8tb_slot8/jonas/datasets/CT_nofx/derivatives/sub-ctsr00872/ses-20110821/sub-ctsr00872_ses-20110821_sequ-12_space-aligASL_ct.nii.gz,342.29196,334.42413,313.82773,264.23068,436.1006
366,/mnt/8tb_slot8/jonas/datasets/CT_nofx/derivatives/sub-ctsr01419/ses-20190107/sub-ctsr01419_ses-20190107_sequ-407_space-aligASL_ct.nii.gz,437.9596,409.16888,399.45728,386.8263,613.9674
367,/mnt/8tb_slot8/jonas/datasets/CT_nofx/derivatives/sub-ctsr00271/ses-20181207/sub-ctsr00271_ses-20181207_sequ-20_space-aligASL_ct.nii.gz,522.6734,535.3736,462.0712,504.599,872.22473
368,/mnt/8tb_slot8/jonas/datasets/CT_nofx/derivatives/sub-ctsr01018/ses-20200312/sub-ctsr01018_ses-20200312_sequ-23_space-aligASL_ct.nii.gz,686.346,644.809,589.6284,446.2107,583.22125
369,/mnt/8tb_slot8/jonas/datasets/CT_nofx/derivatives/sub-ctsr00913/ses-20201001/sub-ctsr00913_ses-20201001_sequ-9_space-aligASL_ct.nii.gz,613.1754,562.1178,519.5614,519.67096,742.882
370,/mnt/8tb_slot8/jonas/datasets/CT_nofx/derivatives/sub-ctsr00896/ses-20160207/sub-ctsr00896_ses-20160207_sequ-12_space-aligASL_ct.nii.gz,1065.4443,873.41174,800.1411,911.8756,1143.4854
371,/mnt/8tb_slot8/jonas/datasets/CT_nofx/derivatives/sub-C0AGY465/ses-20101221/sub-C0AGY465_ses-20101221_sequ-7_space-aligASL_ct.nii.gz,296.5383,287.6286,280.64148,227.1129,300.98978
372,/mnt/8tb_slot8/jonas/datasets/CT_nofx/derivatives/sub-ctsr01011/ses-20210405/sub-ctsr01011_ses-20210405_sequ-9_space-aligASL_ct.nii.gz,541.03827,472.80035,413.00406,376.91583,520.18933
373,/mnt/8tb_slot8/jonas/datasets/CT_nofx/derivatives/sub-ctsr00099/ses-20100913/sub-ctsr00099_ses-20100913_sequ-14_space-aligASL_ct.nii.gz,279.22415,274.60135,268.69122,252.5136,344.28214
374,/mnt/8tb_slot8/jonas/datasets/CT_nofx/derivatives/sub-ctsr00159/ses-20170607/sub-ctsr00159_ses-20170607_sequ-405_space-aligASL_ct.nii.gz,617.01904,565.9305,552.0816,530.57416,625.09296
375,/mnt/8tb_slot8/jonas/datasets/CT_nofx/derivatives/sub-ctsr02469/ses-20190913/sub-ctsr02469_ses-20190913_sequ-60199_space-aligASL_ct.nii.gz,508.4608,465.6205,441.30185,242.21681,583.3703
376,/mnt/8tb_slot8/jonas/datasets/CT_nofx/derivatives/sub-ctsr00890/ses-20181124/sub-ctsr00890_ses-20181124_sequ-36_space-aligASL_ct.nii.gz,650.41125,620.3826,623.6147,721.23444,1022.63196
377,/mnt/8tb_slot8/jonas/datasets/CT_nofx/derivatives/sub-ctsr01329/ses-20141207/sub-ctsr01329_ses-20141207_sequ-13_space-aligASL_ct.nii.gz,224.89865,221.15062,272.87024,276.78085,381.32678
378,/mnt/8tb_slot8/jonas/datasets/CT_nofx/derivatives/sub-ctsr00719/ses-20150203/sub-ctsr00719_ses-20150203_sequ-12_space-aligASL_ct.nii.gz,555.35455,372.12683,432.21143,386.13193,566.2518
379,/mnt/8tb_slot8/jonas/datasets/CT_nofx/derivatives/sub-ctsr01683/ses-20120905/sub-ctsr01683_ses-20120905_sequ-16_space-aligASL_ct.nii.gz,1000.9912,802.9305,724.7676,638.99316,951.7404
380,/mnt/8tb_slot8/jonas/datasets/CT_nofx/derivatives/sub-ctsr01764/ses-20210622/sub-ctsr01764_ses-20210622_sequ-9_space-aligASL_ct.nii.gz,1014.961,954.5066,837.4344,722.44586,897.9581
381,/mnt/8tb_slot8/jonas/datasets/CT_nofx/derivatives/sub-ctsr00622/ses-20130428/sub-ctsr00622_ses-20130428_sequ-25_space-aligASL_ct.nii.gz,284.49063,321.95575,308.32123,289.27173,398.13232
382,/mnt/8tb_slot8/jonas/datasets/CT_nofx/derivatives/sub-ctsr01154/ses-20170904/sub-ctsr01154_ses-20170904_sequ-9_space-aligASL_ct.nii.gz,808.4693,732.01385,660.292,556.34717,564.2426
383,/mnt/8tb_slot8/jonas/datasets/CT_nofx/derivatives/sub-ctsr01068/ses-20171111/sub-ctsr01068_ses-20171111_sequ-26_space-aligASL_ct.nii.gz,523.5431,402.66846,418.63138,406.40622,544.66
384,/mnt/8tb_slot8/jonas/datasets/CT_nofx/derivatives/sub-ctsr02436/ses-20150810/sub-ctsr02436_ses-20150810_sequ-10_space-aligASL_ct.nii.gz,688.08325,618.4979,564.65216,470.74203,483.65128
385,/mnt/8tb_slot8/jonas/datasets/CT_nofx/derivatives/sub-ctsr02394/ses-20130924/sub-ctsr02394_ses-20130924_sequ-8_space-aligASL_ct.nii.gz,411.4184,421.23312,414.3449,384.0777,460.05185
386,/mnt/8tb_slot8/jonas/datasets/CT_nofx/derivatives/sub-ctsr00290/ses-20130711/sub-ctsr00290_ses-20130711_sequ-11_space-aligASL_ct.nii.gz,451.88235,403.3702,368.68152,355.89798,464.39795
387,/mnt/8tb_slot8/jonas/datasets/CT_nofx/derivatives/sub-ctsr01170/ses-20160323/sub-ctsr01170_ses-20160323_sequ-14_space-aligASL_ct.nii.gz,888.0354,797.5785,715.60333,584.0634,720.9707
388,/mnt/8tb_slot8/jonas/datasets/CT_nofx/derivatives/sub-ctsr02106/ses-20171225/sub-ctsr02106_ses-20171225_sequ-16_space-aligASL_ct.nii.gz,764.33887,666.3683,665.0318,558.8779,727.5354
389,/mnt/8tb_slot8/jonas/datasets/CT_nofx/derivatives/sub-ctsr00383/ses-20160919/sub-ctsr00383_ses-20160919_sequ-15_space-aligASL_ct.nii.gz,572.52985,512.71,499.4719,574.9966,755.15283
390,/mnt/8tb_slot8/jonas/datasets/CT_nofx/derivatives/sub-ctsr01139/ses-20110521/sub-ctsr01139_ses-20110521_sequ-18_space-aligASL_ct.nii.gz,226.89381,276.4182,228.85094,270.3731,378.2827
391,/mnt/8tb_slot8/jonas/datasets/CT_nofx/derivatives/sub-ctsr00777/ses-20181126/sub-ctsr00777_ses-20181126_sequ-13_space-aligASL_ct.nii.gz,530.4527,490.79733,455.14597,428.7587,531.9344
392,/mnt/8tb_slot8/jonas/datasets/CT_nofx/derivatives/sub-ctsr02579/ses-20210514/sub-ctsr02579_ses-20210514_sequ-15_space-aligASL_ct.nii.gz,781.81445,737.82117,662.1455,579.73737,789.601
393,/mnt/8tb_slot8/jonas/datasets/CT_nofx/derivatives/sub-ctsr01318/ses-20160818/sub-ctsr01318_ses-20160818_sequ-16_space-aligASL_ct.nii.gz,390.70596,369.9488,363.6992,353.39398,451.6267
394,/mnt/8tb_slot8/jonas/datasets/CT_nofx/derivatives/sub-ctsr01596/ses-20190914/sub-ctsr01596_ses-20190914_sequ-20_space-aligASL_ct.nii.gz,864.1328,779.02246,678.1507,496.8158,963.3037
395,/mnt/8tb_slot8/jonas/datasets/CT_nofx/derivatives/sub-ctsr00900/ses-20141022/sub-ctsr00900_ses-20141022_sequ-12_space-aligASL_ct.nii.gz,560.5083,506.89597,452.08624,449.1719,661.6615
396,/mnt/8tb_slot8/jonas/datasets/CT_nofx/derivatives/sub-ctsr01116/ses-20170527/sub-ctsr01116_ses-20170527_sequ-32_space-aligASL_ct.nii.gz,777.8727,728.1964,690.25684,635.60925,824.4578
397,/mnt/8tb_slot8/jonas/datasets/CT_nofx/derivatives/sub-ctsr00604/ses-20180304/sub-ctsr00604_ses-20180304_sequ-8_space-aligASL_ct.nii.gz,658.78827,619.0083,499.34268,466.7162,553.9406
398,/mnt/8tb_slot8/jonas/datasets/CT_nofx/derivatives/sub-ctsr00443/ses-20061008/sub-ctsr00443_ses-20061008_sequ-12_space-aligASL_ct.nii.gz,348.6383,324.342,301.70505,276.38458,322.9208
399,/mnt/8tb_slot8/jonas/datasets/CT_nofx/derivatives/sub-ctsr00185/ses-20190730/sub-ctsr00185_ses-20190730_sequ-23_space-aligASL_ct.nii.gz,902.1426,822.9629,749.5726,664.1373,887.41437
400,/mnt/8tb_slot8/jonas/datasets/CT_nofx/derivatives/sub-ctsr00005/ses-20190928/sub-ctsr00005_ses-20190928_sequ-15_space-aligASL_ct.nii.gz,795.8773,732.4141,651.8178,636.7666,595.20685
401,/mnt/8tb_slot8/jonas/datasets/CT_nofx/derivatives/sub-ctsr00793/ses-20101001/sub-ctsr00793_ses-20101001_sequ-10_space-aligASL_ct.nii.gz,364.9701,282.7179,331.0664,256.04047,300.23172
402,/mnt/8tb_slot8/jonas/datasets/CT_nofx/derivatives/sub-ctsr02209/ses-20121117/sub-ctsr02209_ses-20121117_sequ-13_space-aligASL_ct.nii.gz,214.6432,309.93826,311.35898,289.313,377.37888
403,/mnt/8tb_slot8/jonas/datasets/CT_nofx/derivatives/sub-ctsr00509/ses-20120907/sub-ctsr00509_ses-20120907_sequ-8_space-aligASL_ct.nii.gz,822.3278,759.4117,573.3881,579.1166,819.13745
404,/mnt/8tb_slot8/jonas/datasets/CT_nofx/derivatives/sub-ctsr02391/ses-20150211/sub-ctsr02391_ses-20150211_sequ-7_space-aligASL_ct.nii.gz,473.72278,459.91373,460.82278,428.0901,568.1935
405,/mnt/8tb_slot8/jonas/datasets/CT_nofx/derivatives/sub-ctsr00938/ses-20200701/sub-ctsr00938_ses-20200701_sequ-402_space-aligASL_ct.nii.gz,758.3285,688.829,631.01917,572.57996,875.7058
406,/mnt/8tb_slot8/jonas/datasets/CT_nofx/derivatives/sub-ctsr00870/ses-20111018/sub-ctsr00870_ses-20111018_sequ-13_space-aligASL_ct.nii.gz,859.28955,700.0362,657.9049,675.0937,767.70044
407,/mnt/8tb_slot8/jonas/datasets/CT_nofx/derivatives/sub-ctsr00244/ses-20160709/sub-ctsr00244_ses-20160709_sequ-9_space-aligASL_ct.nii.gz,424.14062,446.74707,415.1708,380.56802,555.91345
408,/mnt/8tb_slot8/jonas/datasets/CT_nofx/derivatives/sub-ctsr00269/ses-20180925/sub-ctsr00269_ses-20180925_sequ-18_space-aligASL_ct.nii.gz,350.65903,315.50848,270.60205,260.77866,481.16013
409,/mnt/8tb_slot8/jonas/datasets/CT_nofx/derivatives/sub-ctsr02449/ses-20210716/sub-ctsr02449_ses-20210716_sequ-19_space-aligASL_ct.nii.gz,963.62915,926.13367,926.302,839.06335,1224.0675
410,/mnt/8tb_slot8/jonas/datasets/CT_nofx/derivatives/sub-ctsr00664/ses-20210412/sub-ctsr00664_ses-20210412_sequ-11_space-aligASL_ct.nii.gz,627.86145,599.0347,575.29895,574.34204,819.3609
411,/mnt/8tb_slot8/jonas/datasets/CT_nofx/derivatives/sub-ctsr02609/ses-20150829/sub-ctsr02609_ses-20150829_sequ-14_space-aligASL_ct.nii.gz,718.44214,666.44354,781.244,965.59314,1249.7275
412,/mnt/8tb_slot8/jonas/datasets/CT_nofx/derivatives/sub-ctsr00914/ses-20190630/sub-ctsr00914_ses-20190630_sequ-23_space-aligASL_ct.nii.gz,656.6788,620.9611,596.1484,542.6089,634.5147
413,/mnt/8tb_slot8/jonas/datasets/CT_nofx/derivatives/sub-ctsr00675/ses-20160524/sub-ctsr00675_ses-20160524_sequ-21_space-aligASL_ct.nii.gz,446.468,425.3213,306.65326,394.3879,532.03076
414,/mnt/8tb_slot8/jonas/datasets/CT_nofx/derivatives/sub-ctsr02149/ses-20170125/sub-ctsr02149_ses-20170125_sequ-22_space-aligASL_ct.nii.gz,428.0364,346.3044,412.11902,533.9119,686.61115
415,/mnt/8tb_slot8/jonas/datasets/CT_nofx/derivatives/sub-ctsr01218/ses-20150126/sub-ctsr01218_ses-20150126_sequ-17_space-aligASL_ct.nii.gz,746.62866,665.4526,537.5534,517.8823,680.2187
416,/mnt/8tb_slot8/jonas/datasets/CT_nofx/derivatives/sub-ctsr00565/ses-20170528/sub-ctsr00565_ses-20170528_sequ-10_space-aligASL_ct.nii.gz,822.71606,748.97394,658.80615,549.0568,587.2769
417,/mnt/8tb_slot8/jonas/datasets/CT_nofx/derivatives/sub-ctsr01536/ses-20120315/sub-ctsr01536_ses-20120315_sequ-11_space-aligASL_ct.nii.gz,338.72903,364.0124,351.00433,321.48367,366.41837
418,/mnt/8tb_slot8/jonas/datasets/CT_nofx/derivatives/sub-ctsr01516/ses-20161031/sub-ctsr01516_ses-20161031_sequ-27_space-aligASL_ct.nii.gz,563.4403,548.5473,459.9103,471.0634,452.7052
419,/mnt/8tb_slot8/jonas/datasets/CT_nofx/derivatives/sub-ctsr00977/ses-20210202/sub-ctsr00977_ses-20210202_sequ-17_space-aligASL_ct.nii.gz,844.86035,748.40356,658.539,537.5131,737.9554
420,/mnt/8tb_slot8/jonas/datasets/CT_nofx/derivatives/sub-ctsr01264/ses-20170408/sub-ctsr01264_ses-20170408_sequ-8_space-aligASL_ct.nii.gz,962.1511,729.88837,637.81537,633.77423,870.5466
421,/mnt/8tb_slot8/jonas/datasets/CT_nofx/derivatives/sub-ctsr00020/ses-20190120/sub-ctsr00020_ses-20190120_sequ-27_space-aligASL_ct.nii.gz,704.11206,657.90826,623.402,632.78076,877.17847
422,/mnt/8tb_slot8/jonas/datasets/CT_nofx/derivatives/sub-ctsr00414/ses-20181115/sub-ctsr00414_ses-20181115_sequ-27_space-aligASL_ct.nii.gz,758.2689,684.32086,605.54767,538.0737,651.0539
423,/mnt/8tb_slot8/jonas/datasets/CT_nofx/derivatives/sub-ctsr01256/ses-20170330/sub-ctsr01256_ses-20170330_sequ-10_space-aligASL_ct.nii.gz,324.11578,309.28107,309.61368,315.76828,415.8528
424,/mnt/8tb_slot8/jonas/datasets/CT_nofx/derivatives/sub-ctsr00155/ses-20171121/sub-ctsr00155_ses-20171121_sequ-11_space-aligASL_ct.nii.gz,296.99854,292.43427,286.40717,278.9062,376.2151
425,/mnt/8tb_slot8/jonas/datasets/CT_nofx/derivatives/sub-ctsr00523/ses-20181007/sub-ctsr00523_ses-20181007_sequ-18_space-aligASL_ct.nii.gz,460.95627,402.384,371.80652,376.04504,520.7647
426,/mnt/8tb_slot8/jonas/datasets/CT_nofx/derivatives/sub-ctsr02641/ses-20180616/sub-ctsr02641_ses-20180616_sequ-19_space-aligASL_ct.nii.gz,790.82574,696.8819,413.62708,604.2603,737.50916
427,/mnt/8tb_slot8/jonas/datasets/CT_nofx/derivatives/sub-ctsr00581/ses-20130110/sub-ctsr00581_ses-20130110_sequ-26_space-aligASL_ct.nii.gz,529.40717,504.40842,493.15094,512.70233,650.6542
428,/mnt/8tb_slot8/jonas/datasets/CT_nofx/derivatives/sub-ctsr00061/ses-20070722/sub-ctsr00061_ses-20070722_sequ-12_space-aligASL_ct.nii.gz,352.83713,354.86722,302.06815,303.04227,419.30716
429,/mnt/8tb_slot8/jonas/datasets/CT_nofx/derivatives/sub-ctsr02606/ses-20160813/sub-ctsr02606_ses-20160813_sequ-5_space-aligASL_ct.nii.gz,795.7159,726.48706,652.3716,585.6259,744.9785
430,/mnt/8tb_slot8/jonas/datasets/CT_nofx/derivatives/sub-ctsr01397/ses-20120314/sub-ctsr01397_ses-20120314_sequ-9_space-aligASL_ct.nii.gz,320.3767,305.9761,277.01517,250.0894,213.8468
431,/mnt/8tb_slot8/jonas/datasets/CT_nofx/derivatives/sub-ctsr00172/ses-20120220/sub-ctsr00172_ses-20120220_sequ-11_space-aligASL_ct.nii.gz,326.3377,308.7485,293.56003,252.57936,282.0937
432,/mnt/8tb_slot8/jonas/datasets/CT_nofx/derivatives/sub-ctsr01099/ses-20061023/sub-ctsr01099_ses-20061023_sequ-10_space-aligASL_ct.nii.gz,561.45764,494.12802,509.78564,433.5017,626.54034
433,/mnt/8tb_slot8/jonas/datasets/CT_nofx/derivatives/sub-ctsr00558/ses-20191112/sub-ctsr00558_ses-20191112_sequ-23_space-aligASL_ct.nii.gz,800.2129,817.3538,594.42267,622.9403,696.80054
434,/mnt/8tb_slot8/jonas/datasets/CT_nofx/derivatives/sub-ctsr02206/ses-20130331/sub-ctsr02206_ses-20130331_sequ-14_space-aligASL_ct.nii.gz,359.18152,114.97571,265.7656,266.80054,437.9094
435,/mnt/8tb_slot8/jonas/datasets/CT_nofx/derivatives/sub-ctsr00564/ses-20180617/sub-ctsr00564_ses-20180617_sequ-20_space-aligASL_ct.nii.gz,624.6108,561.34674,498.08517,449.35086,572.697
436,/mnt/8tb_slot8/jonas/datasets/CT_nofx/derivatives/sub-ctsr01965/ses-20200125/sub-ctsr01965_ses-20200125_sequ-30_space-aligASL_ct.nii.gz,922.03973,861.8247,767.69214,664.978,744.0162
437,/mnt/8tb_slot8/jonas/datasets/CT_nofx/derivatives/sub-ctsr02561/ses-20160628/sub-ctsr02561_ses-20160628_sequ-13_space-aligASL_ct.nii.gz,657.7853,407.37314,514.8486,359.61447,484.52686
438,/mnt/8tb_slot8/jonas/datasets/CT_nofx/derivatives/sub-ctsr00045/ses-20160701/sub-ctsr00045_ses-20160701_sequ-13_space-aligASL_ct.nii.gz,407.72687,386.63208,354.82822,327.84372,415.01297
439,/mnt/8tb_slot8/jonas/datasets/CT_nofx/derivatives/sub-ctsr01826/ses-20150427/sub-ctsr01826_ses-20150427_sequ-15_space-aligASL_ct.nii.gz,458.33264,433.95065,409.21533,404.965,595.5752
440,/mnt/8tb_slot8/jonas/datasets/CT_nofx/derivatives/sub-ctsr01913/ses-20090903/sub-ctsr01913_ses-20090903_sequ-17_space-aligASL_ct.nii.gz,346.3667,337.93182,332.5725,312.4034,354.58105
441,/mnt/8tb_slot8/jonas/datasets/CT_nofx/derivatives/sub-ctsr02159/ses-20141017/sub-ctsr02159_ses-20141017_sequ-23_space-aligASL_ct.nii.gz,605.5782,553.83856,490.26315,433.21844,626.0612
442,/mnt/8tb_slot8/jonas/datasets/CT_nofx/derivatives/sub-ctsr02496/ses-20210104/sub-ctsr02496_ses-20210104_sequ-28_space-aligASL_ct.nii.gz,1012.03754,961.408,837.5994,634.1216,861.2909
443,/mnt/8tb_slot8/jonas/datasets/CT_nofx/derivatives/sub-ctsr02067/ses-20210331/sub-ctsr02067_ses-20210331_sequ-605_space-aligASL_ct.nii.gz,1107.0349,1185.8176,1116.7218,1003.259,962.27405
444,/mnt/8tb_slot8/jonas/datasets/CT_nofx/derivatives/sub-ctsr01736/ses-20181023/sub-ctsr01736_ses-20181023_sequ-12_space-aligASL_ct.nii.gz,550.74036,306.33554,291.27975,288.4001,345.51523
445,/mnt/8tb_slot8/jonas/datasets/CT_nofx/derivatives/sub-ctsr02589/ses-20200130/sub-ctsr02589_ses-20200130_sequ-21_space-aligASL_ct.nii.gz,770.3948,602.6391,626.35596,637.2929,833.9369
446,/mnt/8tb_slot8/jonas/datasets/CT_nofx/derivatives/sub-ctsr00239/ses-20180401/sub-ctsr00239_ses-20180401_sequ-19_space-aligASL_ct.nii.gz,506.9301,558.9361,534.7197,490.58987,575.3037
447,/mnt/8tb_slot8/jonas/datasets/CT_nofx/derivatives/sub-ctsr01112/ses-20180204/sub-ctsr01112_ses-20180204_sequ-29_space-aligASL_ct.nii.gz,747.9596,684.2685,625.1151,504.29935,760.8043
448,/mnt/8tb_slot8/jonas/datasets/CT_nofx/derivatives/sub-ctsr00594/ses-20210616/sub-ctsr00594_ses-20210616_sequ-None_space-aligASL_ct.nii.gz,1089.613,1003.44727,908.86206,830.54407,1008.0105
449,/mnt/8tb_slot8/jonas/datasets/CT_nofx/derivatives/sub-ctsr01229/ses-20110802/sub-ctsr01229_ses-20110802_sequ-18_space-aligASL_ct.nii.gz,291.74585,276.3003,224.4585,257.43906,355.85867
450,/mnt/8tb_slot8/jonas/datasets/CT_nofx/derivatives/sub-ctsr02625/ses-20210401/sub-ctsr02625_ses-20210401_sequ-17_space-aligASL_ct.nii.gz,465.55612,439.48254,451.0099,499.3824,698.9623
451,/mnt/8tb_slot8/jonas/datasets/CT_nofx/derivatives/sub-ctsr00323/ses-20120731/sub-ctsr00323_ses-20120731_sequ-10_space-aligASL_ct.nii.gz,361.31085,323.70203,300.12234,270.71732,230.2035
452,/mnt/8tb_slot8/jonas/datasets/CT_nofx/derivatives/sub-ctsr01776/ses-20180303/sub-ctsr01776_ses-20180303_sequ-14_space-aligASL_ct.nii.gz,744.3018,678.1391,679.437,673.41174,935.5896
453,/mnt/8tb_slot8/jonas/datasets/CT_nofx/derivatives/sub-ctsr02673/ses-20200717/sub-ctsr02673_ses-20200717_sequ-13_space-aligASL_ct.nii.gz,673.3405,635.4706,600.4288,541.63965,660.6123
454,/mnt/8tb_slot8/jonas/datasets/CT_nofx/derivatives/sub-ctsr02651/ses-20170614/sub-ctsr02651_ses-20170614_sequ-9_space-aligASL_ct.nii.gz,743.0598,694.2096,713.683,578.9536,870.3993
455,/mnt/8tb_slot8/jonas/datasets/CT_nofx/derivatives/sub-ctsr02479/ses-20170619/sub-ctsr02479_ses-20170619_sequ-5_space-aligASL_ct.nii.gz,870.1303,748.1534,773.14233,760.6199,1187.2648
456,/mnt/8tb_slot8/jonas/datasets/CT_nofx/derivatives/sub-ctsr02393/ses-20131226/sub-ctsr02393_ses-20131226_sequ-14_space-aligASL_ct.nii.gz,404.3734,348.1655,321.93948,418.75247,582.99866
457,/mnt/8tb_slot8/jonas/datasets/CT_nofx/derivatives/sub-ctsr01916/ses-20071003/sub-ctsr01916_ses-20071003_sequ-18_space-aligASL_ct.nii.gz,369.07913,337.83212,355.51834,283.219,336.81586
458,/mnt/8tb_slot8/jonas/datasets/CT_nofx/derivatives/sub-ctsr00986/ses-20171006/sub-ctsr00986_ses-20171006_sequ-17_space-aligASL_ct.nii.gz,838.3056,759.2611,711.1471,755.5906,924.2307
459,/mnt/8tb_slot8/jonas/datasets/CT_nofx/derivatives/sub-ctsr00149/ses-20200213/sub-ctsr00149_ses-20200213_sequ-17_space-aligASL_ct.nii.gz,723.43884,653.85236,582.4128,502.71777,619.0048
460,/mnt/8tb_slot8/jonas/datasets/CT_nofx/derivatives/sub-ctsr00191/ses-20171228/sub-ctsr00191_ses-20171228_sequ-9_space-aligASL_ct.nii.gz,536.09546,479.5603,484.02734,642.7103,865.4463
461,/mnt/8tb_slot8/jonas/datasets/CT_nofx/derivatives/sub-ctsr00559/ses-20190608/sub-ctsr00559_ses-20190608_sequ-8_space-aligASL_ct.nii.gz,664.34955,606.90674,541.87244,515.53894,653.0591
462,/mnt/8tb_slot8/jonas/datasets/CT_nofx/derivatives/sub-ctsr00800/ses-20200805/sub-ctsr00800_ses-20200805_sequ-26_space-aligASL_ct.nii.gz,791.1506,718.3354,582.99036,517.42926,749.7229
463,/mnt/8tb_slot8/jonas/datasets/CT_nofx/derivatives/sub-ctsr02176/ses-20191004/sub-ctsr02176_ses-20191004_sequ-24_space-aligASL_ct.nii.gz,559.7569,521.6725,426.51892,420.92004,457.85245
464,/mnt/8tb_slot8/jonas/datasets/CT_nofx/derivatives/sub-ctsr02590/ses-20200806/sub-ctsr02590_ses-20200806_sequ-9_space-aligASL_ct.nii.gz,615.4311,608.50653,581.20654,685.4733,1089.2491
465,/mnt/8tb_slot8/jonas/datasets/CT_nofx/derivatives/sub-ctsr00300/ses-20210730/sub-ctsr00300_ses-20210730_sequ-19_space-aligASL_ct.nii.gz,779.0773,707.12695,722.32544,678.0556,845.296
466,/mnt/8tb_slot8/jonas/datasets/CT_nofx/derivatives/sub-ctsr00326/ses-20091130/sub-ctsr00326_ses-20091130_sequ-11_space-aligASL_ct.nii.gz,306.81122,303.98978,290.82266,263.41086,333.85767
467,/mnt/8tb_slot8/jonas/datasets/CT_nofx/derivatives/sub-ctsr01863/ses-20140801/sub-ctsr01863_ses-20140801_sequ-24_space-aligASL_ct.nii.gz,655.50684,609.7861,536.3204,468.00516,602.37317
468,/mnt/8tb_slot8/jonas/datasets/CT_nofx/derivatives/sub-ctsr01600/ses-20190101/sub-ctsr01600_ses-20190101_sequ-18_space-aligASL_ct.nii.gz,651.43396,591.3888,544.32404,533.9943,613.41797
469,/mnt/8tb_slot8/jonas/datasets/CT_nofx/derivatives/sub-ctsr00042/ses-20160924/sub-ctsr00042_ses-20160924_sequ-15_space-aligASL_ct.nii.gz,715.76044,643.67596,634.6899,654.5561,946.9556
470,/mnt/8tb_slot8/jonas/datasets/CT_nofx/derivatives/sub-ctsr00088/ses-20130701/sub-ctsr00088_ses-20130701_sequ-8_space-aligASL_ct.nii.gz,384.05725,376.54178,358.66916,336.09885,442.02313
471,/mnt/8tb_slot8/jonas/datasets/CT_nofx/derivatives/sub-ctsr00429/ses-20120826/sub-ctsr00429_ses-20120826_sequ-12_space-aligASL_ct.nii.gz,400.34924,357.29874,315.00443,271.6758,399.01343
472,/mnt/8tb_slot8/jonas/datasets/CT_nofx/derivatives/sub-ctsr00288/ses-20130731/sub-ctsr00288_ses-20130731_sequ-16_space-aligASL_ct.nii.gz,691.141,624.70953,528.8529,407.05426,455.5075
473,/mnt/8tb_slot8/jonas/datasets/CT_nofx/derivatives/sub-ctsr00021/ses-20181005/sub-ctsr00021_ses-20181005_sequ-19_space-aligASL_ct.nii.gz,521.97284,460.37708,424.74707,481.52045,704.93616
474,/mnt/8tb_slot8/jonas/datasets/CT_nofx/derivatives/sub-ctsr00243/ses-20160806/sub-ctsr00243_ses-20160806_sequ-18_space-aligASL_ct.nii.gz,565.60596,649.1138,470.42865,532.4908,785.5404
475,/mnt/8tb_slot8/jonas/datasets/CT_nofx/derivatives/sub-ctsr01652/ses-20181007/sub-ctsr01652_ses-20181007_sequ-16_space-aligASL_ct.nii.gz,747.5058,629.2573,559.8545,528.68463,724.8538
476,/mnt/8tb_slot8/jonas/datasets/CT_nofx/derivatives/sub-ctsr00720/ses-20141026/sub-ctsr00720_ses-20141026_sequ-14_space-aligASL_ct.nii.gz,487.62012,433.44815,389.70578,464.9611,625.2217
477,/mnt/8tb_slot8/jonas/datasets/CT_nofx/derivatives/sub-ctsr00408/ses-20200521/sub-ctsr00408_ses-20200521_sequ-24_space-aligASL_ct.nii.gz,1145.8394,1031.7125,960.22833,758.8176,1570.0944
478,/mnt/8tb_slot8/jonas/datasets/CT_nofx/derivatives/sub-ctsr01954/ses-20130130/sub-ctsr01954_ses-20130130_sequ-8_space-aligASL_ct.nii.gz,1254.4269,1206.4845,1137.9828,1007.24316,1191.0106
479,/mnt/8tb_slot8/jonas/datasets/CT_nofx/derivatives/sub-ctsr00202/ses-20160428/sub-ctsr00202_ses-20160428_sequ-12_space-aligASL_ct.nii.gz,545.5255,530.89197,504.88232,485.86462,702.1117
480,/mnt/8tb_slot8/jonas/datasets/CT_nofx/derivatives/sub-ctsr00497/ses-20160117/sub-ctsr00497_ses-20160117_sequ-13_space-aligASL_ct.nii.gz,566.7716,561.8998,558.20056,548.7631,705.4348
481,/mnt/8tb_slot8/jonas/datasets/CT_nofx/derivatives/sub-ctsr00180/ses-20210523/sub-ctsr00180_ses-20210523_sequ-None_space-aligASL_ct.nii.gz,660.0692,562.89545,526.7706,490.275,666.8417
482,/mnt/8tb_slot8/jonas/datasets/CT_nofx/derivatives/sub-ctsr00297/ses-20100830/sub-ctsr00297_ses-20100830_sequ-13_space-aligASL_ct.nii.gz,380.36285,371.2316,351.5113,325.26846,359.19476
483,/mnt/8tb_slot8/jonas/datasets/CT_nofx/derivatives/sub-ctsr01305/ses-20190108/sub-ctsr01305_ses-20190108_sequ-19_space-aligASL_ct.nii.gz,937.38275,826.374,864.68384,750.5376,946.89545
484,/mnt/8tb_slot8/jonas/datasets/CT_nofx/derivatives/sub-ctsr02199/ses-20140920/sub-ctsr02199_ses-20140920_sequ-22_space-aligASL_ct.nii.gz,766.80756,740.72015,685.68256,629.03864,753.53784
485,/mnt/8tb_slot8/jonas/datasets/CT_nofx/derivatives/sub-ctsr02286/ses-20170818/sub-ctsr02286_ses-20170818_sequ-9_space-aligASL_ct.nii.gz,731.208,670.42334,1021.5996,1102.2786,1460.2305
486,/mnt/8tb_slot8/jonas/datasets/CT_nofx/derivatives/sub-ctsr00354/ses-20100416/sub-ctsr00354_ses-20100416_sequ-14_space-aligASL_ct.nii.gz,728.10474,679.7319,582.0649,495.1259,581.9769
487,/mnt/8tb_slot8/jonas/datasets/CT_nofx/derivatives/sub-ctsr01392/ses-20130316/sub-ctsr01392_ses-20130316_sequ-17_space-aligASL_ct.nii.gz,360.77087,328.5743,337.03952,359.53134,477.50043
488,/mnt/8tb_slot8/jonas/datasets/CT_nofx/derivatives/sub-ctsr00450/ses-20190920/sub-ctsr00450_ses-20190920_sequ-23_space-aligASL_ct.nii.gz,894.64746,790.2995,702.7104,621.5743,732.342
489,/mnt/8tb_slot8/jonas/datasets/CT_nofx/derivatives/sub-ctsr01057/ses-20191112/sub-ctsr01057_ses-20191112_sequ-13_space-aligASL_ct.nii.gz,650.0672,629.7417,677.3745,722.8661,877.2086
490,/mnt/8tb_slot8/jonas/datasets/CT_nofx/derivatives/sub-ctsr01056/ses-20200412/sub-ctsr01056_ses-20200412_sequ-26_space-aligASL_ct.nii.gz,503.64465,459.70923,442.88528,410.24753,577.208
491,/mnt/8tb_slot8/jonas/datasets/CT_nofx/derivatives/sub-ctsr01175/ses-20141011/sub-ctsr01175_ses-20141011_sequ-15_space-aligASL_ct.nii.gz,679.50934,630.70496,611.33215,536.4244,769.16693
492,/mnt/8tb_slot8/jonas/datasets/CT_nofx/derivatives/sub-ctsr00746/ses-20160708/sub-ctsr00746_ses-20160708_sequ-10_space-aligASL_ct.nii.gz,605.9449,543.9033,498.4566,551.82135,724.05695
493,/mnt/8tb_slot8/jonas/datasets/CT_nofx/derivatives/sub-ctsr01185/ses-20110308/sub-ctsr01185_ses-20110308_sequ-12_space-aligASL_ct.nii.gz,268.48654,298.90533,213.21863,236.5325,258.2747
494,/mnt/8tb_slot8/jonas/datasets/CT_nofx/derivatives/sub-ctsr01343/ses-20100204/sub-ctsr01343_ses-20100204_sequ-11_space-aligASL_ct.nii.gz,354.5696,342.30023,271.68057,286.3147,380.2015
495,/mnt/8tb_slot8/jonas/datasets/CT_nofx/derivatives/sub-ctsr00474/ses-20210418/sub-ctsr00474_ses-20210418_sequ-12_space-aligASL_ct.nii.gz,807.3368,721.7511,642.00824,569.691,723.4872
496,/mnt/8tb_slot8/jonas/datasets/CT_nofx/derivatives/sub-ctsr00362/ses-20071204/sub-ctsr00362_ses-20071204_sequ-16_space-aligASL_ct.nii.gz,313.9306,301.17554,257.821,264.27908,312.81845
497,/mnt/8tb_slot8/jonas/datasets/CT_nofx/derivatives/sub-ctsr00398/ses-20100924/sub-ctsr00398_ses-20100924_sequ-14_space-aligASL_ct.nii.gz,349.28372,357.71277,327.40988,289.97064,344.84146
498,/mnt/8tb_slot8/jonas/datasets/CT_nofx/derivatives/sub-ctsr00518/ses-20210510/sub-ctsr00518_ses-20210510_sequ-14_space-aligASL_ct.nii.gz,1050.6018,939.23804,793.954,680.1127,962.17535
499,/mnt/8tb_slot8/jonas/datasets/CT_nofx/derivatives/sub-ctsr01643/ses-20201106/sub-ctsr01643_ses-20201106_sequ-24_space-aligASL_ct.nii.gz,674.91455,629.917,611.28076,558.48517,859.59814
500,/mnt/8tb_slot8/jonas/datasets/CT_nofx/derivatives/sub-ctsr01038/ses-20131031/sub-ctsr01038_ses-20131031_sequ-14_space-aligASL_ct.nii.gz,996.46625,756.7356,747.49414,597.474,943.0669
501,/mnt/8tb_slot8/jonas/datasets/CT_nofx/derivatives/sub-ctsr02642/ses-20180423/sub-ctsr02642_ses-20180423_sequ-23_space-aligASL_ct.nii.gz,662.45233,601.5768,520.383,453.7227,696.7225
502,/mnt/8tb_slot8/jonas/datasets/CT_nofx/derivatives/sub-ctsr01186/ses-20100718/sub-ctsr01186_ses-20100718_sequ-23_space-aligASL_ct.nii.gz,310.34094,290.20795,267.5786,250.28973,346.7948
503,/mnt/8tb_slot8/jonas/datasets/CT_nofx/derivatives/sub-ctsr01956/ses-20121010/sub-ctsr01956_ses-20121010_sequ-15_space-aligASL_ct.nii.gz,334.55716,348.76443,342.61026,347.58475,503.55002
504,/mnt/8tb_slot8/jonas/datasets/CT_nofx/derivatives/sub-ctsr01978/ses-20160620/sub-ctsr01978_ses-20160620_sequ-7_space-aligASL_ct.nii.gz,1091.1388,994.66064,928.83154,899.57526,1304.7466
505,/mnt/8tb_slot8/jonas/datasets/CT_nofx/derivatives/sub-ctsr01158/ses-20170904/sub-ctsr01158_ses-20170904_sequ-11_space-aligASL_ct.nii.gz,604.72485,569.4924,527.31256,501.30124,694.756
506,/mnt/8tb_slot8/jonas/datasets/CT_nofx/derivatives/sub-ctsr01496/ses-20051007/sub-ctsr01496_ses-20051007_sequ-22_space-aligASL_ct.nii.gz,283.7363,227.75548,264.5657,247.98375,336.7431
507,/mnt/8tb_slot8/jonas/datasets/CT_nofx/derivatives/sub-ctsr00639/ses-20170128/sub-ctsr00639_ses-20170128_sequ-16_space-aligASL_ct.nii.gz,341.50363,306.10696,321.08243,304.00888,417.11536
508,/mnt/8tb_slot8/jonas/datasets/CT_nofx/derivatives/sub-ctsr01313/ses-20170523/sub-ctsr01313_ses-20170523_sequ-12_space-aligASL_ct.nii.gz,510.813,488.09482,469.96313,417.80408,649.1885
509,/mnt/8tb_slot8/jonas/datasets/CT_nofx/derivatives/sub-ctsr00567/ses-20170918/sub-ctsr00567_ses-20170918_sequ-20_space-aligASL_ct.nii.gz,432.6664,408.4258,362.71777,346.46527,388.9944
510,/mnt/8tb_slot8/jonas/datasets/CT_nofx/derivatives/sub-ctsr00576/ses-20151009/sub-ctsr00576_ses-20151009_sequ-12_space-aligASL_ct.nii.gz,457.04675,402.36722,371.6105,396.38394,527.2309
511,/mnt/8tb_slot8/jonas/datasets/CT_nofx/derivatives/sub-ctsr00965/ses-20120522/sub-ctsr00965_ses-20120522_sequ-4_space-aligASL_ct.nii.gz,310.71613,295.99896,285.72174,262.39865,395.2785
512,/mnt/8tb_slot8/jonas/datasets/CT_nofx/derivatives/sub-ctsr00181/ses-20200912/sub-ctsr00181_ses-20200912_sequ-21_space-aligASL_ct.nii.gz,687.2285,491.1372,438.8753,368.04846,540.7955
513,/mnt/8tb_slot8/jonas/datasets/CT_nofx/derivatives/sub-ctsr00851/ses-20170608/sub-ctsr00851_ses-20170608_sequ-20_space-aligASL_ct.nii.gz,777.6649,729.96924,660.0792,584.0283,731.81195
514,/mnt/8tb_slot8/jonas/datasets/CT_nofx/derivatives/sub-ctsr01464/ses-20190313/sub-ctsr01464_ses-20190313_sequ-26_space-aligASL_ct.nii.gz,473.65582,462.47327,483.103,513.9708,716.9192
515,/mnt/8tb_slot8/jonas/datasets/CT_nofx/derivatives/sub-ctsr00203/ses-20150606/sub-ctsr00203_ses-20150606_sequ-52_space-aligASL_ct.nii.gz,656.8605,622.13275,599.74817,573.22546,762.7832
516,/mnt/8tb_slot8/jonas/datasets/CT_nofx/derivatives/sub-ctsr00638/ses-20161126/sub-ctsr00638_ses-20161126_sequ-14_space-aligASL_ct.nii.gz,522.1502,518.1857,454.4168,455.89105,540.84485
517,/mnt/8tb_slot8/jonas/datasets/CT_nofx/derivatives/sub-ctsr01668/ses-20170323/sub-ctsr01668_ses-20170323_sequ-6_space-aligASL_ct.nii.gz,765.87915,658.96924,645.7348,684.8441,1091.1097
518,/mnt/8tb_slot8/jonas/datasets/CT_nofx/derivatives/sub-ctsr01228/ses-20120217/sub-ctsr01228_ses-20120217_sequ-16_space-aligASL_ct.nii.gz,270.14545,255.64723,248.32423,275.4389,380.23755
519,/mnt/8tb_slot8/jonas/datasets/CT_nofx/derivatives/sub-ctsr00821/ses-20130414/sub-ctsr00821_ses-20130414_sequ-12_space-aligASL_ct.nii.gz,391.10968,364.26007,323.55038,190.59047,237.97394
520,/mnt/8tb_slot8/jonas/datasets/CT_nofx/derivatives/sub-ctsr02638/ses-20180810/sub-ctsr02638_ses-20180810_sequ-9_space-aligASL_ct.nii.gz,517.14545,470.34158,416.52783,385.6642,621.55865
521,/mnt/8tb_slot8/jonas/datasets/CT_nofx/derivatives/sub-ctsr01197/ses-20181112/sub-ctsr01197_ses-20181112_sequ-15_space-aligASL_ct.nii.gz,743.9835,596.82513,474.02402,498.93457,843.57544
522,/mnt/8tb_slot8/jonas/datasets/CT_nofx/derivatives/sub-ctsr00832/ses-20080906/sub-ctsr00832_ses-20080906_sequ-18_space-aligASL_ct.nii.gz,240.30736,235.86847,233.53514,262.9915,345.6034
523,/mnt/8tb_slot8/jonas/datasets/CT_nofx/derivatives/sub-ctsr01296/ses-20200203/sub-ctsr01296_ses-20200203_sequ-14_space-aligASL_ct.nii.gz,831.5451,691.8388,678.8003,833.5801,1129.9835
524,/mnt/8tb_slot8/jonas/datasets/CT_nofx/derivatives/sub-ctsr01895/ses-20190128/sub-ctsr01895_ses-20190128_sequ-23_space-aligASL_ct.nii.gz,953.86,898.73804,796.67883,752.37695,1017.0015
525,/mnt/8tb_slot8/jonas/datasets/CT_nofx/derivatives/sub-ctsr00923/ses-20160508/sub-ctsr00923_ses-20160508_sequ-36_space-aligASL_ct.nii.gz,436.62906,410.37793,441.27832,480.77783,700.6637
526,/mnt/8tb_slot8/jonas/datasets/CT_nofx/derivatives/sub-ctsr00680/ses-20141212/sub-ctsr00680_ses-20141212_sequ-20_space-aligASL_ct.nii.gz,885.4636,857.8437,726.89197,759.2404,1160.497
527,/mnt/8tb_slot8/jonas/datasets/CT_nofx/derivatives/sub-ctsr01492/ses-20111215/sub-ctsr01492_ses-20111215_sequ-17_space-aligASL_ct.nii.gz,249.05898,340.2162,222.2318,298.95334,406.60428
528,/mnt/8tb_slot8/jonas/datasets/CT_nofx/derivatives/sub-ctsr00351/ses-20130713/sub-ctsr00351_ses-20130713_sequ-12_space-aligASL_ct.nii.gz,176.21657,337.89267,160.5712,299.24893,276.50104
529,/mnt/8tb_slot8/jonas/datasets/CT_nofx/derivatives/sub-ctsr00139/ses-20100722/sub-ctsr00139_ses-20100722_sequ-12_space-aligASL_ct.nii.gz,373.52527,343.57666,325.59833,288.85696,434.05334
530,/mnt/8tb_slot8/jonas/datasets/CT_nofx/derivatives/sub-ctsr00804/ses-20190122/sub-ctsr00804_ses-20190122_sequ-26_space-aligASL_ct.nii.gz,806.8037,751.96246,649.85645,557.2113,752.29865
531,/mnt/8tb_slot8/jonas/datasets/CT_nofx/derivatives/sub-ctsr01627/ses-20140831/sub-ctsr01627_ses-20140831_sequ-19_space-aligASL_ct.nii.gz,508.6484,632.30707,655.89923,582.6723,752.9218
532,/mnt/8tb_slot8/jonas/datasets/CT_nofx/derivatives/sub-ctsr02089/ses-20150909/sub-ctsr02089_ses-20150909_sequ-4_space-aligASL_ct.nii.gz,547.6084,526.0455,495.03043,420.6108,465.6947
533,/mnt/8tb_slot8/jonas/datasets/CT_nofx/derivatives/sub-ctsr02679/ses-20180731/sub-ctsr02679_ses-20180731_sequ-10_space-aligASL_ct.nii.gz,843.533,828.16504,744.0676,711.6021,1181.1946
534,/mnt/8tb_slot8/jonas/datasets/CT_nofx/derivatives/sub-ctsr01206/ses-20170519/sub-ctsr01206_ses-20170519_sequ-13_space-aligASL_ct.nii.gz,891.4949,833.3834,757.0235,717.03613,700.30566
535,/mnt/8tb_slot8/jonas/datasets/CT_nofx/derivatives/sub-ctsr00773/ses-20200927/sub-ctsr00773_ses-20200927_sequ-17_space-aligASL_ct.nii.gz,515.6333,438.5647,421.4329,412.2509,625.27594
536,/mnt/8tb_slot8/jonas/datasets/CT_nofx/derivatives/sub-ctsr02049/ses-20151112/sub-ctsr02049_ses-20151112_sequ-6_space-aligASL_ct.nii.gz,688.8689,660.2052,626.4371,657.8826,989.0203
537,/mnt/8tb_slot8/jonas/datasets/CT_nofx/derivatives/sub-ctsr00783/ses-20170503/sub-ctsr00783_ses-20170503_sequ-17_space-aligASL_ct.nii.gz,365.10986,360.70242,329.09622,377.08548,501.04605
538,/mnt/8tb_slot8/jonas/datasets/CT_nofx/derivatives/sub-ctsr00104/ses-20080531/sub-ctsr00104_ses-20080531_sequ-11_space-aligASL_ct.nii.gz,305.3257,311.282,305.96786,299.37567,407.5846
539,/mnt/8tb_slot8/jonas/datasets/CT_nofx/derivatives/sub-ctsr00072/ses-20170919/sub-ctsr00072_ses-20170919_sequ-15_space-aligASL_ct.nii.gz,532.97595,512.2534,422.03592,421.81226,558.3214
540,/mnt/8tb_slot8/jonas/datasets/CT_nofx/derivatives/sub-ctsr00609/ses-20170320/sub-ctsr00609_ses-20170320_sequ-17_space-aligASL_ct.nii.gz,876.1738,767.48926,681.6099,555.4937,728.24506
541,/mnt/8tb_slot8/jonas/datasets/CT_nofx/derivatives/sub-ctsr00488/ses-20171126/sub-ctsr00488_ses-20171126_sequ-10_space-aligASL_ct.nii.gz,852.0709,782.9011,685.9618,547.83685,817.4477
542,/mnt/8tb_slot8/jonas/datasets/CT_nofx/derivatives/sub-ctsr00304/ses-20200105/sub-ctsr00304_ses-20200105_sequ-10_space-aligASL_ct.nii.gz,375.06506,403.52325,396.7837,388.53534,540.9888
543,/mnt/8tb_slot8/jonas/datasets/CT_nofx/derivatives/sub-ctsr01886/ses-20201218/sub-ctsr01886_ses-20201218_sequ-18_space-aligASL_ct.nii.gz,860.5888,781.9141,700.31885,644.01855,953.3552
544,/mnt/8tb_slot8/jonas/datasets/CT_nofx/derivatives/sub-ctsr00848/ses-20180519/sub-ctsr00848_ses-20180519_sequ-25_space-aligASL_ct.nii.gz,680.2498,616.9853,549.87897,491.80566,606.49084
545,/mnt/8tb_slot8/jonas/datasets/CT_nofx/derivatives/sub-ctsr00365/ses-20200701/sub-ctsr00365_ses-20200701_sequ-22_space-aligASL_ct.nii.gz,510.90482,446.16888,468.5447,424.0836,650.0994
546,/mnt/8tb_slot8/jonas/datasets/CT_nofx/derivatives/sub-ctsr00154/ses-20180711/sub-ctsr00154_ses-20180711_sequ-20_space-aligASL_ct.nii.gz,723.65173,607.84766,544.3647,502.46878,695.166
547,/mnt/8tb_slot8/jonas/datasets/CT_nofx/derivatives/sub-ctsr00007/ses-20171102/sub-ctsr00007_ses-20171102_sequ-12_space-aligASL_ct.nii.gz,434.09375,422.5258,414.70187,407.08496,533.9197
548,/mnt/8tb_slot8/jonas/datasets/CT_nofx/derivatives/sub-ctsr00979/ses-20200707/sub-ctsr00979_ses-20200707_sequ-15_space-aligASL_ct.nii.gz,512.10486,502.03772,509.2869,517.3442,743.0295
549,/mnt/8tb_slot8/jonas/datasets/CT_nofx/derivatives/sub-ctsr01992/ses-20200514/sub-ctsr01992_ses-20200514_sequ-9_space-aligASL_ct.nii.gz,1109.1744,971.1963,942.99414,848.60254,1092.7334
550,/mnt/8tb_slot8/jonas/datasets/CT_nofx/derivatives/sub-ctsr01567/ses-20171223/sub-ctsr01567_ses-20171223_sequ-19_space-aligASL_ct.nii.gz,685.55646,535.0577,604.14636,580.6939,552.66064
551,/mnt/8tb_slot8/jonas/datasets/CT_nofx/derivatives/sub-ctsr01974/ses-20170908/sub-ctsr01974_ses-20170908_sequ-11_space-aligASL_ct.nii.gz,1051.8323,1050.781,956.5886,880.44727,1236.8563
552,/mnt/8tb_slot8/jonas/datasets/CT_nofx/derivatives/sub-ctsr00645/ses-20131027/sub-ctsr00645_ses-20131027_sequ-13_space-aligASL_ct.nii.gz,350.64435,334.82742,313.15298,347.52762,440.4995
553,/mnt/8tb_slot8/jonas/datasets/CT_nofx/derivatives/sub-ctsr02459/ses-20200730/sub-ctsr02459_ses-20200730_sequ-10_space-aligASL_ct.nii.gz,984.73724,922.72833,839.1485,767.02344,836.17365
554,/mnt/8tb_slot8/jonas/datasets/CT_nofx/derivatives/sub-ctsr01212/ses-20160129/sub-ctsr01212_ses-20160129_sequ-10_space-aligASL_ct.nii.gz,381.9536,312.67725,319.6785,290.41367,396.40253
555,/mnt/8tb_slot8/jonas/datasets/CT_nofx/derivatives/sub-ctsr00199/ses-20161217/sub-ctsr00199_ses-20161217_sequ-14_space-aligASL_ct.nii.gz,594.32214,602.0152,593.03955,607.7114,754.7545
556,/mnt/8tb_slot8/jonas/datasets/CT_nofx/derivatives/sub-ctsr01628/ses-20150102/sub-ctsr01628_ses-20150102_sequ-13_space-aligASL_ct.nii.gz,896.8855,701.1789,746.1692,710.2637,1006.2942
557,/mnt/8tb_slot8/jonas/datasets/CT_nofx/derivatives/sub-ctsr00966/ses-20120113/sub-ctsr00966_ses-20120113_sequ-10_space-aligASL_ct.nii.gz,401.04428,373.37778,346.74445,311.24945,414.64578
558,/mnt/8tb_slot8/jonas/datasets/CT_nofx/derivatives/sub-ctsr00043/ses-20170118/sub-ctsr00043_ses-20170118_sequ-9_space-aligASL_ct.nii.gz,507.84827,479.0336,363.5845,351.61057,438.32642
559,/mnt/8tb_slot8/jonas/datasets/CT_nofx/derivatives/sub-ctsr00490/ses-20171027/sub-ctsr00490_ses-20171027_sequ-11_space-aligASL_ct.nii.gz,538.4147,504.5757,365.3442,380.47363,432.9288
560,/mnt/8tb_slot8/jonas/datasets/CT_nofx/derivatives/sub-ctsr01768/ses-20190607/sub-ctsr01768_ses-20190607_sequ-14_space-aligASL_ct.nii.gz,756.7877,697.2711,537.2305,566.8779,763.1381
561,/mnt/8tb_slot8/jonas/datasets/CT_nofx/derivatives/sub-ctsr01298/ses-20190914/sub-ctsr01298_ses-20190914_sequ-16_space-aligASL_ct.nii.gz,565.333,523.1849,479.61826,443.77124,600.0108
562,/mnt/8tb_slot8/jonas/datasets/CT_nofx/derivatives/sub-ctsr01896/ses-20180914/sub-ctsr01896_ses-20180914_sequ-13_space-aligASL_ct.nii.gz,658.5806,599.2664,545.0391,505.01855,703.9751
563,/mnt/8tb_slot8/jonas/datasets/CT_nofx/derivatives/sub-ctsr00866/ses-20120618/sub-ctsr00866_ses-20120618_sequ-14_space-aligASL_ct.nii.gz,388.60825,374.2617,349.31497,336.85275,465.84204
564,/mnt/8tb_slot8/jonas/datasets/CT_nofx/derivatives/sub-ctsr00526/ses-20180524/sub-ctsr00526_ses-20180524_sequ-9_space-aligASL_ct.nii.gz,500.86548,418.15527,460.13574,439.46924,612.7925
565,/mnt/8tb_slot8/jonas/datasets/CT_nofx/derivatives/sub-ctsr01765/ses-20210129/sub-ctsr01765_ses-20210129_sequ-12_space-aligASL_ct.nii.gz,524.1945,377.56946,545.3025,502.49606,760.51776
566,/mnt/8tb_slot8/jonas/datasets/CT_nofx/derivatives/sub-ctsr00147/ses-20200801/sub-ctsr00147_ses-20200801_sequ-14_space-aligASL_ct.nii.gz,501.8355,432.7172,361.27966,311.8735,439.735
567,/mnt/8tb_slot8/jonas/datasets/CT_nofx/derivatives/sub-ctsr00111/ses-20200516/sub-ctsr00111_ses-20200516_sequ-18_space-aligASL_ct.nii.gz,654.46094,623.42444,554.10785,456.32724,540.1519
568,/mnt/8tb_slot8/jonas/datasets/CT_nofx/derivatives/sub-ctsr02036/ses-20190131/sub-ctsr02036_ses-20190131_sequ-10_space-aligASL_ct.nii.gz,593.08295,586.94324,560.8632,535.9233,849.4121
569,/mnt/8tb_slot8/jonas/datasets/CT_nofx/derivatives/sub-ctsr01308/ses-20180225/sub-ctsr01308_ses-20180225_sequ-16_space-aligASL_ct.nii.gz,371.897,379.64978,398.13257,430.26355,519.40875
570,/mnt/8tb_slot8/jonas/datasets/CT_nofx/derivatives/sub-ctsr00179/ses-20210624/sub-ctsr00179_ses-20210624_sequ-17_space-aligASL_ct.nii.gz,907.5477,798.2064,746.95984,679.83777,836.14874
571,/mnt/8tb_slot8/jonas/datasets/CT_nofx/derivatives/sub-ctsr01016/ses-20201021/sub-ctsr01016_ses-20201021_sequ-19_space-aligASL_ct.nii.gz,883.5371,845.53094,821.1057,793.5202,1144.969
572,/mnt/8tb_slot8/jonas/datasets/CT_nofx/derivatives/sub-ctsr00385/ses-20150429/sub-ctsr00385_ses-20150429_sequ-12_space-aligASL_ct.nii.gz,972.1841,886.6268,816.10785,729.5946,939.55817
573,/mnt/8tb_slot8/jonas/datasets/CT_nofx/derivatives/sub-ctsr01164/ses-20170722/sub-ctsr01164_ses-20170722_sequ-16_space-aligASL_ct.nii.gz,1120.6932,939.19244,927.6232,826.6614,1077.5087
574,/mnt/8tb_slot8/jonas/datasets/CT_nofx/derivatives/sub-ctsr01604/ses-20180108/sub-ctsr01604_ses-20180108_sequ-15_space-aligASL_ct.nii.gz,633.93396,588.41907,537.37885,500.44424,596.3799
575,/mnt/8tb_slot8/jonas/datasets/CT_nofx/derivatives/sub-ctsr01356/ses-20191001/sub-ctsr01356_ses-20191001_sequ-10_space-aligASL_ct.nii.gz,1060.4521,924.38794,880.24805,726.39264,1152.0802
576,/mnt/8tb_slot8/jonas/datasets/CT_nofx/derivatives/sub-ctsr01204/ses-20170731/sub-ctsr01204_ses-20170731_sequ-9_space-aligASL_ct.nii.gz,555.3911,497.48093,467.82498,403.19534,572.0834
577,/mnt/8tb_slot8/jonas/datasets/CT_nofx/derivatives/sub-ctsr00390/ses-20130915/sub-ctsr00390_ses-20130915_sequ-34_space-aligASL_ct.nii.gz,1037.349,928.7239,808.2055,692.5032,918.8334
578,/mnt/8tb_slot8/jonas/datasets/CT_nofx/derivatives/sub-ctsr02256/ses-20120408/sub-ctsr02256_ses-20120408_sequ-14_space-aligASL_ct.nii.gz,389.70837,362.97998,338.78375,324.58835,469.83215
579,/mnt/8tb_slot8/jonas/datasets/CT_nofx/derivatives/sub-ctsr01586/ses-20210725/sub-ctsr01586_ses-20210725_sequ-24_space-aligASL_ct.nii.gz,1122.7587,1042.912,956.37213,899.8686,1412.8564
580,/mnt/8tb_slot8/jonas/datasets/CT_nofx/derivatives/sub-ctsr01769/ses-20190530/sub-ctsr01769_ses-20190530_sequ-12_space-aligASL_ct.nii.gz,675.7455,593.6581,581.6787,700.06854,990.00684
581,/mnt/8tb_slot8/jonas/datasets/CT_nofx/derivatives/sub-ctsr00460/ses-20140901/sub-ctsr00460_ses-20140901_sequ-7_space-aligASL_ct.nii.gz,678.3452,629.6279,620.4947,668.77527,899.8176
582,/mnt/8tb_slot8/jonas/datasets/CT_nofx/derivatives/sub-ctsr02490/ses-20120514/sub-ctsr02490_ses-20120514_sequ-12_space-aligASL_ct.nii.gz,319.32397,300.93292,300.01044,231.17729,300.34915
583,/mnt/8tb_slot8/jonas/datasets/CT_nofx/derivatives/sub-ctsr00897/ses-20151111/sub-ctsr00897_ses-20151111_sequ-22_space-aligASL_ct.nii.gz,484.18622,437.9381,442.3307,431.53546,560.41235
584,/mnt/8tb_slot8/jonas/datasets/CT_nofx/derivatives/sub-ctsr00928/ses-20111023/sub-ctsr00928_ses-20111023_sequ-7_space-aligASL_ct.nii.gz,730.82715,656.04395,611.68964,604.83295,914.55286
585,/mnt/8tb_slot8/jonas/datasets/CT_nofx/derivatives/sub-ctsr01217/ses-20150606/sub-ctsr01217_ses-20150606_sequ-13_space-aligASL_ct.nii.gz,564.7968,535.8263,571.63965,580.1958,806.25543
586,/mnt/8tb_slot8/jonas/datasets/CT_nofx/derivatives/sub-C0AGY465/ses-20101221/sub-C0AGY465_ses-20101221_sequ-7_space-aligASL_ct.nii.gz,294.60403,284.62665,276.4824,223.55423,298.0163
587,/mnt/8tb_slot8/jonas/datasets/CT_nofx/derivatives/sub-ctsr00096/ses-20110609/sub-ctsr00096_ses-20110609_sequ-15_space-aligASL_ct.nii.gz,248.02063,307.35226,283.26358,258.00266,322.59546
588,/mnt/8tb_slot8/jonas/datasets/CT_nofx/derivatives/sub-ctsr02294/ses-20150925/sub-ctsr02294_ses-20150925_sequ-7_space-aligASL_ct.nii.gz,887.5998,819.7569,677.3687,759.77924,1204.8184
589,/mnt/8tb_slot8/jonas/datasets/CT_nofx/derivatives/sub-ctsr00187/ses-20191003/sub-ctsr00187_ses-20191003_sequ-10_space-aligASL_ct.nii.gz,756.45465,777.18536,702.5814,586.5248,729.87317
590,/mnt/8tb_slot8/jonas/datasets/CT_nofx/derivatives/sub-ctsr02196/ses-20150605/sub-ctsr02196_ses-20150605_sequ-21_space-aligASL_ct.nii.gz,508.44052,645.3525,674.75494,656.52057,899.065
591,/mnt/8tb_slot8/jonas/datasets/CT_nofx/derivatives/sub-ctsr00958/ses-20130530/sub-ctsr00958_ses-20130530_sequ-12_space-aligASL_ct.nii.gz,277.9597,274.19897,272.62408,269.20087,328.81088
592,/mnt/8tb_slot8/jonas/datasets/CT_nofx/derivatives/sub-ctsr01224/ses-20140609/sub-ctsr01224_ses-20140609_sequ-14_space-aligASL_ct.nii.gz,389.58337,383.7638,383.3527,361.0866,417.45615
593,/mnt/8tb_slot8/jonas/datasets/CT_nofx/derivatives/sub-ctsr01292/ses-20210305/sub-ctsr01292_ses-20210305_sequ-17_space-aligASL_ct.nii.gz,667.6522,598.25397,533.90546,511.47922,613.51715
594,/mnt/8tb_slot8/jonas/datasets/CT_nofx/derivatives/sub-ctsr01314/ses-20170702/sub-ctsr01314_ses-20170702_sequ-40199_space-aligASL_ct.nii.gz,673.715,592.9483,496.20496,467.5117,696.53217
595,/mnt/8tb_slot8/jonas/datasets/CT_nofx/derivatives/sub-ctsr01865/ses-20130611/sub-ctsr01865_ses-20130611_sequ-17_space-aligASL_ct.nii.gz,423.93747,367.11633,376.27783,403.35614,576.0381
596,/mnt/8tb_slot8/jonas/datasets/CT_nofx/derivatives/sub-ctsr00213/ses-20120702/sub-ctsr00213_ses-20120702_sequ-16_space-aligASL_ct.nii.gz,306.29053,303.28955,284.79446,293.62524,354.53558
597,/mnt/8tb_slot8/jonas/datasets/CT_nofx/derivatives/sub-ctsr00542/ses-20130928/sub-ctsr00542_ses-20130928_sequ-9_space-aligASL_ct.nii.gz,179.98221,282.11304,202.594,295.13678,394.59274
598,/mnt/8tb_slot8/jonas/datasets/CT_nofx/derivatives/sub-ctsr01726/ses-20050405/sub-ctsr01726_ses-20050405_sequ-17_space-aligASL_ct.nii.gz,249.0435,291.8607,210.18274,261.9217,312.9446
599,/mnt/8tb_slot8/jonas/datasets/CT_nofx/derivatives/sub-ctsr00008/ses-20090807/sub-ctsr00008_ses-20090807_sequ-13_space-aligASL_ct.nii.gz,296.97437,291.15106,293.75446,294.43488,348.49084
600,/mnt/8tb_slot8/jonas/datasets/CT_nofx/derivatives/sub-ctsr02198/ses-20150330/sub-ctsr02198_ses-20150330_sequ-12_space-aligASL_ct.nii.gz,784.1467,786.742,705.9146,703.6111,1002.5512
601,/mnt/8tb_slot8/jonas/datasets/CT_nofx/derivatives/sub-ctsr00493/ses-20160811/sub-ctsr00493_ses-20160811_sequ-14_space-aligASL_ct.nii.gz,572.6544,572.392,525.16876,477.25134,619.40186
602,/mnt/8tb_slot8/jonas/datasets/CT_nofx/derivatives/sub-ctsr02090/ses-20140503/sub-ctsr02090_ses-20140503_sequ-17_space-aligASL_ct.nii.gz,436.60327,435.06207,437.41522,443.76956,519.2071
603,/mnt/8tb_slot8/jonas/datasets/CT_nofx/derivatives/sub-ctsr00499/ses-20160502/sub-ctsr00499_ses-20160502_sequ-13_space-aligASL_ct.nii.gz,700.0915,646.9772,582.07025,607.2427,786.9455
604,/mnt/8tb_slot8/jonas/datasets/CT_nofx/derivatives/sub-ctsr00539/ses-20140611/sub-ctsr00539_ses-20140611_sequ-17_space-aligASL_ct.nii.gz,470.18933,473.10922,495.00482,528.1256,834.1353
605,/mnt/8tb_slot8/jonas/datasets/CT_nofx/derivatives/sub-ctsr01244/ses-20190729/sub-ctsr01244_ses-20190729_sequ-13_space-aligASL_ct.nii.gz,606.79156,645.7831,543.1793,606.1725,757.23236
606,/mnt/8tb_slot8/jonas/datasets/CT_nofx/derivatives/sub-ctsr01611/ses-20170404/sub-ctsr01611_ses-20170404_sequ-11_space-aligASL_ct.nii.gz,380.9443,372.46774,438.96237,504.2826,670.90173
607,/mnt/8tb_slot8/jonas/datasets/CT_nofx/derivatives/sub-ctsr00656/ses-20110708/sub-ctsr00656_ses-20110708_sequ-14_space-aligASL_ct.nii.gz,493.91592,467.44482,445.5883,424.41846,590.5518
608,/mnt/8tb_slot8/jonas/datasets/CT_nofx/derivatives/sub-ctsr00789/ses-20130509/sub-ctsr00789_ses-20130509_sequ-17_space-aligASL_ct.nii.gz,354.9738,334.67395,298.5454,289.80377,374.99866
609,/mnt/8tb_slot8/jonas/datasets/CT_nofx/derivatives/sub-ctsr00673/ses-20160808/sub-ctsr00673_ses-20160808_sequ-15_space-aligASL_ct.nii.gz,391.4384,382.36673,368.93146,348.31506,432.3103
610,/mnt/8tb_slot8/jonas/datasets/CT_nofx/derivatives/sub-ctsr00267/ses-20191210/sub-ctsr00267_ses-20191210_sequ-20_space-aligASL_ct.nii.gz,775.8428,692.5635,620.82855,653.7492,864.12714
611,/mnt/8tb_slot8/jonas/datasets/CT_nofx/derivatives/sub-ctsr02364/ses-20210101/sub-ctsr02364_ses-20210101_sequ-6_space-aligASL_ct.nii.gz,1185.5009,1393.0184,986.96063,810.71216,1004.9573
612,/mnt/8tb_slot8/jonas/datasets/CT_nofx/derivatives/sub-ctsr00138/ses-20091123/sub-ctsr00138_ses-20091123_sequ-11_space-aligASL_ct.nii.gz,322.35422,303.4401,284.47632,324.20898,434.68616
613,/mnt/8tb_slot8/jonas/datasets/CT_nofx/derivatives/sub-ctsr02397/ses-20111116/sub-ctsr02397_ses-20111116_sequ-403_space-aligASL_ct.nii.gz,702.4532,639.9296,582.39954,548.3268,792.3341
614,/mnt/8tb_slot8/jonas/datasets/CT_nofx/derivatives/sub-ctsr00221/ses-20090710/sub-ctsr00221_ses-20090710_sequ-20_space-aligASL_ct.nii.gz,220.25002,217.68915,212.96803,204.77852,297.77588
615,/mnt/8tb_slot8/jonas/datasets/CT_nofx/derivatives/sub-ctsr02306/ses-20130129/sub-ctsr02306_ses-20130129_sequ-4_space-aligASL_ct.nii.gz,342.55334,324.09024,306.26712,304.13647,435.5072
616,/mnt/8tb_slot8/jonas/datasets/CT_nofx/derivatives/sub-ctsr02681/ses-20181017/sub-ctsr02681_ses-20181017_sequ-12_space-aligASL_ct.nii.gz,1014.6241,968.1844,926.217,752.4551,1196.4375
617,/mnt/8tb_slot8/jonas/datasets/CT_nofx/derivatives/sub-ctsr00278/ses-20170715/sub-ctsr00278_ses-20170715_sequ-11_space-aligASL_ct.nii.gz,367.83408,354.84647,341.5062,320.32446,407.34277
618,/mnt/8tb_slot8/jonas/datasets/CT_nofx/derivatives/sub-ctsr00991/ses-20150421/sub-ctsr00991_ses-20150421_sequ-15_space-aligASL_ct.nii.gz,680.947,708.31445,660.6944,554.40485,680.7706
619,/mnt/8tb_slot8/jonas/datasets/CT_nofx/derivatives/sub-ctsr00702/ses-20200307/sub-ctsr00702_ses-20200307_sequ-9_space-aligASL_ct.nii.gz,633.52844,564.7432,508.3931,475.2095,567.628
620,/mnt/8tb_slot8/jonas/datasets/CT_nofx/derivatives/sub-ctsr00536/ses-20150206/sub-ctsr00536_ses-20150206_sequ-12_space-aligASL_ct.nii.gz,713.01654,646.02435,591.22485,533.2982,636.8758
621,/mnt/8tb_slot8/jonas/datasets/CT_nofx/derivatives/sub-ctsr00254/ses-20110407/sub-ctsr00254_ses-20110407_sequ-13_space-aligASL_ct.nii.gz,314.6103,277.07156,290.3594,259.3919,292.79642
622,/mnt/8tb_slot8/jonas/datasets/CT_nofx/derivatives/sub-ctsr01970/ses-20190122/sub-ctsr01970_ses-20190122_sequ-19_space-aligASL_ct.nii.gz,531.4033,487.8637,476.85794,450.01566,601.558
623,/mnt/8tb_slot8/jonas/datasets/CT_nofx/derivatives/sub-ctsr00130/ses-20120621/sub-ctsr00130_ses-20120621_sequ-14_space-aligASL_ct.nii.gz,335.93826,276.70947,270.11282,283.47806,390.20065
624,/mnt/8tb_slot8/jonas/datasets/CT_nofx/derivatives/sub-ctph01772/ses-20170328/sub-ctph01772_ses-20170328_sequ-205_space-aligASL_ct.nii.gz,523.34845,610.97955,596.08496,570.4688,784.9132
625,/mnt/8tb_slot8/jonas/datasets/CT_nofx/derivatives/sub-ctsr01637/ses-20080308/sub-ctsr01637_ses-20080308_sequ-17_space-aligASL_ct.nii.gz,289.7614,264.70108,251.15227,230.32094,285.0849
626,/mnt/8tb_slot8/jonas/datasets/CT_nofx/derivatives/sub-ctsr01173/ses-20141009/sub-ctsr01173_ses-20141009_sequ-13_space-aligASL_ct.nii.gz,582.5076,636.9881,576.4024,560.78613,864.12006
627,/mnt/8tb_slot8/jonas/datasets/CT_nofx/derivatives/sub-ctsr01017/ses-20191011/sub-ctsr01017_ses-20191011_sequ-18_space-aligASL_ct.nii.gz,1204.7509,1107.6309,915.0851,862.0148,1239.1919
628,/mnt/8tb_slot8/jonas/datasets/CT_nofx/derivatives/sub-ctsr01126/ses-20140319/sub-ctsr01126_ses-20140319_sequ-13_space-aligASL_ct.nii.gz,1142.1388,1036.5144,940.18066,818.8524,889.5678
629,/mnt/8tb_slot8/jonas/datasets/CT_nofx/derivatives/sub-ctsr02680/ses-20180822/sub-ctsr02680_ses-20180822_sequ-6_space-aligASL_ct.nii.gz,378.51697,412.3464,420.9094,375.90598,609.5561
630,/mnt/8tb_slot8/jonas/datasets/CT_nofx/derivatives/sub-ctsr00015/ses-20100327/sub-ctsr00015_ses-20100327_sequ-15_space-aligASL_ct.nii.gz,397.76746,254.60135,328.60007,271.28836,392.21167
631,/mnt/8tb_slot8/jonas/datasets/CT_nofx/derivatives/sub-ctsr00192/ses-20180310/sub-ctsr00192_ses-20180310_sequ-11_space-aligASL_ct.nii.gz,551.60657,521.07904,441.05408,414.23563,526.6411
632,/mnt/8tb_slot8/jonas/datasets/CT_nofx/derivatives/sub-ctsr00476/ses-20201001/sub-ctsr00476_ses-20201001_sequ-9_space-aligASL_ct.nii.gz,641.27295,585.0961,542.76355,526.9399,530.28723
633,/mnt/8tb_slot8/jonas/datasets/CT_nofx/derivatives/sub-ctsr02265/ses-20210128/sub-ctsr02265_ses-20210128_sequ-23_space-aligASL_ct.nii.gz,1083.8969,966.5371,923.9724,1001.89404,1530.0632
634,/mnt/8tb_slot8/jonas/datasets/CT_nofx/derivatives/sub-ctsr00195/ses-20170904/sub-ctsr00195_ses-20170904_sequ-8_space-aligASL_ct.nii.gz,561.4561,538.4127,490.8702,462.47943,567.7358
635,/mnt/8tb_slot8/jonas/datasets/CT_nofx/derivatives/sub-ctsr00963/ses-20121003/sub-ctsr00963_ses-20121003_sequ-11_space-aligASL_ct.nii.gz,173.70404,174.4616,259.6136,210.11098,293.38626
636,/mnt/8tb_slot8/jonas/datasets/CT_nofx/derivatives/sub-ctsr00615/ses-20140731/sub-ctsr00615_ses-20140731_sequ-14_space-aligASL_ct.nii.gz,749.393,740.141,582.95276,601.78076,823.44434
637,/mnt/8tb_slot8/jonas/datasets/CT_nofx/derivatives/sub-ctsr00047/ses-20150609/sub-ctsr00047_ses-20150609_sequ-12_space-aligASL_ct.nii.gz,576.95105,524.8779,463.1103,398.6497,525.8897
638,/mnt/8tb_slot8/jonas/datasets/CT_nofx/derivatives/sub-ctsr01042/ses-20120521/sub-ctsr01042_ses-20120521_sequ-12_space-aligASL_ct.nii.gz,406.06592,394.47015,388.0012,404.4428,478.1589
639,/mnt/8tb_slot8/jonas/datasets/CT_nofx/derivatives/sub-ctsr00085/ses-20151006/sub-ctsr00085_ses-20151006_sequ-15_space-aligASL_ct.nii.gz,392.33575,484.87997,479.93515,448.62366,395.0056
640,/mnt/8tb_slot8/jonas/datasets/CT_nofx/derivatives/sub-ctsr01386/ses-20141012/sub-ctsr01386_ses-20141012_sequ-12_space-aligASL_ct.nii.gz,423.9823,398.1673,369.37415,326.34366,375.14777
641,/mnt/8tb_slot8/jonas/datasets/CT_nofx/derivatives/sub-ctsr00613/ses-20160517/sub-ctsr00613_ses-20160517_sequ-10_space-aligASL_ct.nii.gz,575.3172,516.62933,440.27478,321.4617,463.1283
642,/mnt/8tb_slot8/jonas/datasets/CT_nofx/derivatives/sub-ctsr00442/ses-20071116/sub-ctsr00442_ses-20071116_sequ-10_space-aligASL_ct.nii.gz,367.65118,326.80133,320.88126,306.67877,369.1687
643,/mnt/8tb_slot8/jonas/datasets/CT_nofx/derivatives/sub-ctsr00667/ses-20181116/sub-ctsr00667_ses-20181116_sequ-9_space-aligASL_ct.nii.gz,886.07446,796.6135,739.49945,720.6848,1080.4288
644,/mnt/8tb_slot8/jonas/datasets/CT_nofx/derivatives/sub-ctsr01476/ses-20160708/sub-ctsr01476_ses-20160708_sequ-12_space-aligASL_ct.nii.gz,525.4873,464.68704,477.6758,443.99307,567.2831
645,/mnt/8tb_slot8/jonas/datasets/CT_nofx/derivatives/sub-ctsr01367/ses-20180422/sub-ctsr01367_ses-20180422_sequ-24_space-aligASL_ct.nii.gz,1288.4377,1196.9685,1089.7969,877.9651,1145.7771
646,/mnt/8tb_slot8/jonas/datasets/CT_nofx/derivatives/sub-ctph01555/ses-20130304/sub-ctph01555_ses-20130304_sequ-7_space-aligASL_ct.nii.gz,412.1833,324.87936,330.41016,395.64755,507.28513
647,/mnt/8tb_slot8/jonas/datasets/CT_nofx/derivatives/sub-ctsr01262/ses-20170721/sub-ctsr01262_ses-20170721_sequ-31_space-aligASL_ct.nii.gz,522.9266,474.09677,450.87802,434.67627,619.00916
648,/mnt/8tb_slot8/jonas/datasets/CT_nofx/derivatives/sub-ctsr02236/ses-20170928/sub-ctsr02236_ses-20170928_sequ-13_space-aligASL_ct.nii.gz,341.23523,426.03586,408.90463,382.4636,483.5903
649,/mnt/8tb_slot8/jonas/datasets/CT_nofx/derivatives/sub-ctsr00455/ses-20160922/sub-ctsr00455_ses-20160922_sequ-16_space-aligASL_ct.nii.gz,431.8624,407.63974,371.03473,360.0542,439.10114
650,/mnt/8tb_slot8/jonas/datasets/CT_nofx/derivatives/sub-ctsr01263/ses-20161218/sub-ctsr01263_ses-20161218_sequ-11_space-aligASL_ct.nii.gz,365.60754,326.24292,295.51627,265.9624,321.67734
651,/mnt/8tb_slot8/jonas/datasets/CT_nofx/derivatives/sub-ctsr00853/ses-20170122/sub-ctsr00853_ses-20170122_sequ-11_space-aligASL_ct.nii.gz,302.14212,298.70923,313.6899,289.8726,366.36975
652,/mnt/8tb_slot8/jonas/datasets/CT_nofx/derivatives/sub-ctsr01394/ses-20120624/sub-ctsr01394_ses-20120624_sequ-10_space-aligASL_ct.nii.gz,298.4008,285.83978,279.91727,263.88306,351.3545
653,/mnt/8tb_slot8/jonas/datasets/CT_nofx/derivatives/sub-ctsr00745/ses-20170127/sub-ctsr00745_ses-20170127_sequ-14_space-aligASL_ct.nii.gz,737.57587,683.38745,629.8724,602.7064,843.69165
654,/mnt/8tb_slot8/jonas/datasets/CT_nofx/derivatives/sub-ctsr00438/ses-20090519/sub-ctsr00438_ses-20090519_sequ-11_space-aligASL_ct.nii.gz,316.71823,295.26807,273.0493,242.00468,258.656
655,/mnt/8tb_slot8/jonas/datasets/CT_nofx/derivatives/sub-ctsr01669/ses-20161214/sub-ctsr01669_ses-20161214_sequ-26_space-aligASL_ct.nii.gz,786.88367,706.52795,660.5905,646.013,816.92645
656,/mnt/8tb_slot8/jonas/datasets/CT_nofx/derivatives/sub-ctsr00601/ses-20190420/sub-ctsr00601_ses-20190420_sequ-16_space-aligASL_ct.nii.gz,791.93,717.0524,623.8522,472.83487,598.9178
657,/mnt/8tb_slot8/jonas/datasets/CT_nofx/derivatives/sub-ctsr02682/ses-20181009/sub-ctsr02682_ses-20181009_sequ-11_space-aligASL_ct.nii.gz,963.6963,882.39594,776.8698,659.2661,684.9169
658,/mnt/8tb_slot8/jonas/datasets/CT_nofx/derivatives/sub-ctsr00369/ses-20200209/sub-ctsr00369_ses-20200209_sequ-14_space-aligASL_ct.nii.gz,934.211,1106.3597,1033.3654,793.2945,803.4918
659,/mnt/8tb_slot8/jonas/datasets/CT_nofx/derivatives/sub-ctsr01191/ses-20200216/sub-ctsr01191_ses-20200216_sequ-27_space-aligASL_ct.nii.gz,693.97736,627.8651,533.2544,544.9857,702.9907
660,/mnt/8tb_slot8/jonas/datasets/CT_nofx/derivatives/sub-ctsr00332/ses-20210815/sub-ctsr00332_ses-20210815_sequ-18_space-aligASL_ct.nii.gz,634.59265,579.0068,540.1333,472.42908,504.72174
661,/mnt/8tb_slot8/jonas/datasets/CT_nofx/derivatives/sub-ctsr01763/ses-20210414/sub-ctsr01763_ses-20210414_sequ-16_space-aligASL_ct.nii.gz,656.5252,577.3661,516.04114,599.6254,811.92474
662,/mnt/8tb_slot8/jonas/datasets/CT_nofx/derivatives/sub-ctsr01295/ses-20191210/sub-ctsr01295_ses-20191210_sequ-20_space-aligASL_ct.nii.gz,987.2098,889.3029,833.61115,782.69,1045.5702
663,/mnt/8tb_slot8/jonas/datasets/CT_nofx/derivatives/sub-ctsr00857/ses-20150606/sub-ctsr00857_ses-20150606_sequ-9_space-aligASL_ct.nii.gz,320.97287,275.29733,299.3494,266.33466,391.88928
664,/mnt/8tb_slot8/jonas/datasets/CT_nofx/derivatives/sub-ctsr00275/ses-20171106/sub-ctsr00275_ses-20171106_sequ-15_space-aligASL_ct.nii.gz,926.08655,845.961,721.50195,624.64246,668.0864
665,/mnt/8tb_slot8/jonas/datasets/CT_nofx/derivatives/sub-ctsr00852/ses-20170323/sub-ctsr00852_ses-20170323_sequ-10_space-aligASL_ct.nii.gz,400.34442,375.10782,358.57425,301.14758,422.30234
666,/mnt/8tb_slot8/jonas/datasets/CT_nofx/derivatives/sub-ctsr02497/ses-20210321/sub-ctsr02497_ses-20210321_sequ-31_space-aligASL_ct.nii.gz,639.5065,594.2909,445.7722,723.15955,1017.46936
667,/mnt/8tb_slot8/jonas/datasets/CT_nofx/derivatives/sub-ctsr00263/ses-20070113/sub-ctsr00263_ses-20070113_sequ-12_space-aligASL_ct.nii.gz,237.3322,216.87733,284.15714,193.86124,299.53345
668,/mnt/8tb_slot8/jonas/datasets/CT_nofx/derivatives/sub-ctsr00248/ses-20140831/sub-ctsr00248_ses-20140831_sequ-19_space-aligASL_ct.nii.gz,549.38385,537.8811,501.49374,585.71747,795.706
669,/mnt/8tb_slot8/jonas/datasets/CT_nofx/derivatives/sub-ctsr01301/ses-20181212/sub-ctsr01301_ses-20181212_sequ-13_space-aligASL_ct.nii.gz,942.89667,796.14044,717.77167,605.3505,733.9734
670,/mnt/8tb_slot8/jonas/datasets/CT_nofx/derivatives/sub-ctsr01320/ses-20170529/sub-ctsr01320_ses-20170529_sequ-13_space-aligASL_ct.nii.gz,356.92004,346.8941,350.87476,351.41583,459.24875
671,/mnt/8tb_slot8/jonas/datasets/CT_nofx/derivatives/sub-ctsr00646/ses-20140326/sub-ctsr00646_ses-20140326_sequ-8_space-aligASL_ct.nii.gz,363.88394,380.40506,357.9492,322.9712,339.2024
672,/mnt/8tb_slot8/jonas/datasets/CT_nofx/derivatives/sub-ctsr00350/ses-20140718/sub-ctsr00350_ses-20140718_sequ-12_space-aligASL_ct.nii.gz,638.30475,603.7456,543.15405,456.833,449.94806
673,/mnt/8tb_slot8/jonas/datasets/CT_nofx/derivatives/sub-ctsr00599/ses-20191102/sub-ctsr00599_ses-20191102_sequ-12_space-aligASL_ct.nii.gz,582.9995,566.3197,557.20844,534.01697,685.8285
674,/mnt/8tb_slot8/jonas/datasets/CT_nofx/derivatives/sub-ctsr01288/ses-20210120/sub-ctsr01288_ses-20210120_sequ-20_space-aligASL_ct.nii.gz,1050.7012,916.3819,804.6745,725.72455,922.5818
675,/mnt/8tb_slot8/jonas/datasets/CT_nofx/derivatives/sub-ctsr00844/ses-20180917/sub-ctsr00844_ses-20180917_sequ-11_space-aligASL_ct.nii.gz,750.0695,944.3059,833.52686,770.11304,629.76556
676,/mnt/8tb_slot8/jonas/datasets/CT_nofx/derivatives/sub-ctsr01082/ses-20130624/sub-ctsr01082_ses-20130624_sequ-13_space-aligASL_ct.nii.gz,319.15305,311.42307,212.52342,260.4607,306.7696
677,/mnt/8tb_slot8/jonas/datasets/CT_nofx/derivatives/sub-ctsr01676/ses-20141201/sub-ctsr01676_ses-20141201_sequ-16_space-aligASL_ct.nii.gz,716.3759,665.85956,709.2146,669.9849,942.75195
678,/mnt/8tb_slot8/jonas/datasets/CT_nofx/derivatives/sub-ctsr00786/ses-20160318/sub-ctsr00786_ses-20160318_sequ-13_space-aligASL_ct.nii.gz,378.17987,359.16318,345.38208,322.24673,422.40378
679,/mnt/8tb_slot8/jonas/datasets/CT_nofx/derivatives/sub-ctsr00995/ses-20130330/sub-ctsr00995_ses-20130330_sequ-23_space-aligASL_ct.nii.gz,424.71408,400.22543,375.48688,359.27774,510.03027
680,/mnt/8tb_slot8/jonas/datasets/CT_nofx/derivatives/sub-ctsr00412/ses-20190517/sub-ctsr00412_ses-20190517_sequ-14_space-aligASL_ct.nii.gz,616.67474,652.7485,576.9653,602.0883,850.67194
681,/mnt/8tb_slot8/jonas/datasets/CT_nofx/derivatives/sub-ctsr00877/ses-20081122/sub-ctsr00877_ses-20081122_sequ-14_space-aligASL_ct.nii.gz,273.41385,210.62813,260.04755,256.8216,311.1311
682,/mnt/8tb_slot8/jonas/datasets/CT_nofx/derivatives/sub-ctsr00597/ses-20190803/sub-ctsr00597_ses-20190803_sequ-18_space-aligASL_ct.nii.gz,1073.7582,902.22833,795.0341,701.75867,788.9053
683,/mnt/8tb_slot8/jonas/datasets/CT_nofx/derivatives/sub-ctsr01903/ses-20170704/sub-ctsr01903_ses-20170704_sequ-6_space-aligASL_ct.nii.gz,498.62265,432.35422,554.28424,520.2033,773.1945
684,/mnt/8tb_slot8/jonas/datasets/CT_nofx/derivatives/sub-ctsr01737/ses-20180311/sub-ctsr01737_ses-20180311_sequ-16_space-aligASL_ct.nii.gz,519.79,491.80936,475.8624,413.88193,498.59808
685,/mnt/8tb_slot8/jonas/datasets/CT_nofx/derivatives/sub-ctsr02529/ses-20140528/sub-ctsr02529_ses-20140528_sequ-12_space-aligASL_ct.nii.gz,355.00098,316.6548,209.48827,269.04077,343.50183
686,/mnt/8tb_slot8/jonas/datasets/CT_nofx/derivatives/sub-ctsr01119/ses-20160318/sub-ctsr01119_ses-20160318_sequ-20_space-aligASL_ct.nii.gz,497.84674,438.5885,398.5363,360.25244,544.8581
687,/mnt/8tb_slot8/jonas/datasets/CT_nofx/derivatives/sub-ctsr01671/ses-20161013/sub-ctsr01671_ses-20161013_sequ-10_space-aligASL_ct.nii.gz,478.36807,495.23135,354.6758,382.18683,535.58105
688,/mnt/8tb_slot8/jonas/datasets/CT_nofx/derivatives/sub-ctsr00575/ses-20160710/sub-ctsr00575_ses-20160710_sequ-14_space-aligASL_ct.nii.gz,439.4729,403.42285,376.0576,352.8644,480.08685
689,/mnt/8tb_slot8/jonas/datasets/CT_nofx/derivatives/sub-XZM1GE11/ses-20120810/sub-XZM1GE11_ses-20120810_sequ-8_space-aligASL_ct.nii.gz,240.21268,299.44217,226.51868,269.55466,256.4419
690,/mnt/8tb_slot8/jonas/datasets/CT_nofx/derivatives/sub-ctsr00682/ses-20140930/sub-ctsr00682_ses-20140930_sequ-12_space-aligASL_ct.nii.gz,689.9208,628.3272,542.94714,482.02954,733.0836
691,/mnt/8tb_slot8/jonas/datasets/CT_nofx/derivatives/sub-ctsr01409/ses-20191115/sub-ctsr01409_ses-20191115_sequ-8_space-aligASL_ct.nii.gz,1074.2081,927.281,822.07117,778.5772,852.8777
692,/mnt/8tb_slot8/jonas/datasets/CT_nofx/derivatives/sub-ctsr00794/ses-20100809/sub-ctsr00794_ses-20100809_sequ-17_space-aligASL_ct.nii.gz,375.90262,351.48926,314.35983,270.5425,326.6528
693,/mnt/8tb_slot8/jonas/datasets/CT_nofx/derivatives/sub-ctsr00945/ses-20171011/sub-ctsr00945_ses-20171011_sequ-11_space-aligASL_ct.nii.gz,399.97864,381.4917,331.77243,336.11996,460.51376
694,/mnt/8tb_slot8/jonas/datasets/CT_nofx/derivatives/sub-ctsr01917/ses-20061203/sub-ctsr01917_ses-20061203_sequ-11_space-aligASL_ct.nii.gz,366.8994,361.23212,359.3205,343.69965,471.3931
695,/mnt/8tb_slot8/jonas/datasets/CT_nofx/derivatives/sub-ctsr01300/ses-20190424/sub-ctsr01300_ses-20190424_sequ-18_space-aligASL_ct.nii.gz,830.0303,720.7698,657.4908,577.665,712.7735
696,/mnt/8tb_slot8/jonas/datasets/CT_nofx/derivatives/sub-ctsr01267/ses-20160512/sub-ctsr01267_ses-20160512_sequ-28_space-aligASL_ct.nii.gz,314.19748,312.467,305.9976,295.86575,379.81784
697,/mnt/8tb_slot8/jonas/datasets/CT_nofx/derivatives/sub-ctsr01809/ses-20200821/sub-ctsr01809_ses-20200821_sequ-606_space-aligASL_ct.nii.gz,575.0073,576.835,517.9709,482.64673,676.3764
698,/mnt/8tb_slot8/jonas/datasets/CT_nofx/derivatives/sub-ctsr00177/ses-20080331/sub-ctsr00177_ses-20080331_sequ-20_space-aligASL_ct.nii.gz,260.99783,290.55377,275.57883,269.6616,341.3741
699,/mnt/8tb_slot8/jonas/datasets/CT_nofx/derivatives/sub-ctsr00069/ses-20180810/sub-ctsr00069_ses-20180810_sequ-21_space-aligASL_ct.nii.gz,648.65326,606.16296,537.90704,500.90173,721.9976
700,/mnt/8tb_slot8/jonas/datasets/CT_nofx/derivatives/sub-ctsr00211/ses-20120507/sub-ctsr00211_ses-20120507_sequ-10_space-aligASL_ct.nii.gz,313.08878,310.895,314.5331,306.66837,390.30566
701,/mnt/8tb_slot8/jonas/datasets/CT_nofx/derivatives/sub-ctsr00234/ses-20191230/sub-ctsr00234_ses-20191230_sequ-17_space-aligASL_ct.nii.gz,561.95306,537.4633,483.728,456.7083,628.9784
702,/mnt/8tb_slot8/jonas/datasets/CT_nofx/derivatives/sub-basilarstroke0012/ses-20170825/sub-basilarstroke0012_ses-20170825_sequ-18_space-aligASL_ct.nii.gz,966.2088,844.26843,631.97015,662.2091,1112.534
703,/mnt/8tb_slot8/jonas/datasets/CT_nofx/derivatives/sub-ctsr00364/ses-20201012/sub-ctsr00364_ses-20201012_sequ-19_space-aligASL_ct.nii.gz,619.8719,564.6287,510.5272,481.20996,446.29617
704,/mnt/8tb_slot8/jonas/datasets/CT_nofx/derivatives/sub-ctsr00041/ses-20170219/sub-ctsr00041_ses-20170219_sequ-32_space-aligASL_ct.nii.gz,534.4092,471.7057,514.0002,465.47797,725.7302
705,/mnt/8tb_slot8/jonas/datasets/CT_nofx/derivatives/sub-ctsr01284/ses-20101025/sub-ctsr01284_ses-20101025_sequ-81232_space-aligASL_ct.nii.gz,325.9822,305.6304,255.48389,292.26978,379.59717
706,/mnt/8tb_slot8/jonas/datasets/CT_nofx/derivatives/sub-ctsr01064/ses-20190608/sub-ctsr01064_ses-20190608_sequ-18_space-aligASL_ct.nii.gz,1059.7491,887.23224,730.2248,624.4262,825.7412
707,/mnt/8tb_slot8/jonas/datasets/CT_nofx/derivatives/sub-ctsr00939/ses-20190602/sub-ctsr00939_ses-20190602_sequ-26_space-aligASL_ct.nii.gz,985.2668,877.0148,753.5952,697.0312,1011.044
708,/mnt/8tb_slot8/jonas/datasets/CT_nofx/derivatives/sub-ctsr01929/ses-20180219/sub-ctsr01929_ses-20180219_sequ-10_space-aligASL_ct.nii.gz,822.33154,755.48083,660.465,585.5099,738.8474
709,/mnt/8tb_slot8/jonas/datasets/CT_nofx/derivatives/sub-ctsr00465/ses-20130825/sub-ctsr00465_ses-20130825_sequ-16_space-aligASL_ct.nii.gz,283.95383,312.13763,297.01102,276.25217,325.7203
710,/mnt/8tb_slot8/jonas/datasets/CT_nofx/derivatives/sub-ctsr00570/ses-20170322/sub-ctsr00570_ses-20170322_sequ-9_space-aligASL_ct.nii.gz,738.9664,683.7611,606.6167,510.4662,626.3772
711,/mnt/8tb_slot8/jonas/datasets/CT_nofx/derivatives/sub-ctsr00922/ses-20160124/sub-ctsr00922_ses-20160124_sequ-16_space-aligASL_ct.nii.gz,456.87396,419.94574,403.64093,442.5403,545.95056
712,/mnt/8tb_slot8/jonas/datasets/CT_nofx/derivatives/sub-ctsr01602/ses-20181004/sub-ctsr01602_ses-20181004_sequ-29_space-aligASL_ct.nii.gz,800.3359,615.9477,630.8169,538.2032,703.4596
713,/mnt/8tb_slot8/jonas/datasets/CT_nofx/derivatives/sub-ctsr00739/ses-20180910/sub-ctsr00739_ses-20180910_sequ-21_space-aligASL_ct.nii.gz,692.54364,630.235,545.39703,457.56467,481.95206
714,/mnt/8tb_slot8/jonas/datasets/CT_nofx/derivatives/sub-ctsr01368/ses-20180902/sub-ctsr01368_ses-20180902_sequ-15_space-aligASL_ct.nii.gz,1105.9854,991.9043,868.3498,825.18744,1019.89056
715,/mnt/8tb_slot8/jonas/datasets/CT_nofx/derivatives/sub-ctsr01947/ses-20160411/sub-ctsr01947_ses-20160411_sequ-20_space-aligASL_ct.nii.gz,865.7188,790.39374,717.52295,659.412,836.61633
716,/mnt/8tb_slot8/jonas/datasets/CT_nofx/derivatives/sub-ctsr01816/ses-20190519/sub-ctsr01816_ses-20190519_sequ-14_space-aligASL_ct.nii.gz,642.02,611.55853,637.9424,802.25464,1001.9153
717,/mnt/8tb_slot8/jonas/datasets/CT_nofx/derivatives/sub-ctsr00884/ses-20201010/sub-ctsr00884_ses-20201010_sequ-23_space-aligASL_ct.nii.gz,726.4551,659.143,595.40674,649.41516,878.83563
718,/mnt/8tb_slot8/jonas/datasets/CT_nofx/derivatives/sub-ctsr00520/ses-20210306/sub-ctsr00520_ses-20210306_sequ-17_space-aligASL_ct.nii.gz,733.6145,690.4455,616.82385,555.9439,745.22565
719,/mnt/8tb_slot8/jonas/datasets/CT_nofx/derivatives/sub-ctsr01429/ses-20170718/sub-ctsr01429_ses-20170718_sequ-18_space-aligASL_ct.nii.gz,556.47504,528.6744,493.8623,431.97998,556.0928
720,/mnt/8tb_slot8/jonas/datasets/CT_nofx/derivatives/sub-ctsr00886/ses-20191216/sub-ctsr00886_ses-20191216_sequ-12_space-aligASL_ct.nii.gz,852.8456,810.7587,733.4085,672.6439,809.74866
721,/mnt/8tb_slot8/jonas/datasets/CT_nofx/derivatives/sub-ctsr00949/ses-20170829/sub-ctsr00949_ses-20170829_sequ-12_space-aligASL_ct.nii.gz,882.8308,720.6084,793.0637,621.64606,1239.1926
722,/mnt/8tb_slot8/jonas/datasets/CT_nofx/derivatives/sub-ctsr00370/ses-20190813/sub-ctsr00370_ses-20190813_sequ-9_space-aligASL_ct.nii.gz,719.88776,639.8638,534.2758,480.79312,546.9385
723,/mnt/8tb_slot8/jonas/datasets/CT_nofx/derivatives/sub-ctsr02295/ses-20150602/sub-ctsr02295_ses-20150602_sequ-6_space-aligASL_ct.nii.gz,725.56665,596.0978,501.29004,466.10263,529.0811
724,/mnt/8tb_slot8/jonas/datasets/CT_nofx/derivatives/sub-ICH00444/ses-20180820/sub-ICH00444_ses-20180820_sequ-11_space-aligASL_ct.nii.gz,719.3732,552.80725,635.5088,637.0458,942.07806
725,/mnt/8tb_slot8/jonas/datasets/CT_nofx/derivatives/sub-ctsr00430/ses-20120802/sub-ctsr00430_ses-20120802_sequ-11_space-aligASL_ct.nii.gz,303.0273,283.24417,270.03687,275.3853,354.74054
726,/mnt/8tb_slot8/jonas/datasets/CT_nofx/derivatives/sub-ctsr00931/ses-20090320/sub-ctsr00931_ses-20090320_sequ-16_space-aligASL_ct.nii.gz,283.58914,252.21204,254.21555,271.49033,320.7728
727,/mnt/8tb_slot8/jonas/datasets/CT_nofx/derivatives/sub-ctsr00353/ses-20110215/sub-ctsr00353_ses-20110215_sequ-1001_space-aligASL_ct.nii.gz,305.6272,279.70352,299.82416,313.51016,404.70978
728,/mnt/8tb_slot8/jonas/datasets/CT_nofx/derivatives/sub-ctsr00749/ses-20131212/sub-ctsr00749_ses-20131212_sequ-15_space-aligASL_ct.nii.gz,411.69778,395.68448,388.74542,369.87643,434.45224
729,/mnt/8tb_slot8/jonas/datasets/CT_nofx/derivatives/sub-ctsr02161/ses-20140601/sub-ctsr02161_ses-20140601_sequ-10_space-aligASL_ct.nii.gz,357.59232,294.01126,283.65326,270.48654,451.85782
730,/mnt/8tb_slot8/jonas/datasets/CT_nofx/derivatives/sub-ctsr00280/ses-20160726/sub-ctsr00280_ses-20160726_sequ-15_space-aligASL_ct.nii.gz,367.12473,357.14825,345.4458,333.5171,372.1631
731,/mnt/8tb_slot8/jonas/datasets/CT_nofx/derivatives/sub-ctsr01934/ses-20171025/sub-ctsr01934_ses-20171025_sequ-10_space-aligASL_ct.nii.gz,716.473,626.4569,396.17206,418.01437,606.47095
732,/mnt/8tb_slot8/jonas/datasets/CT_nofx/derivatives/sub-ctsr01019/ses-20190307/sub-ctsr01019_ses-20190307_sequ-13_space-aligASL_ct.nii.gz,865.94,781.31024,786.43665,736.67883,705.2689
733,/mnt/8tb_slot8/jonas/datasets/CT_nofx/derivatives/sub-ctsr01208/ses-20170624/sub-ctsr01208_ses-20170624_sequ-8_space-aligASL_ct.nii.gz,1130.3713,996.7625,717.67883,702.4054,894.12714
734,/mnt/8tb_slot8/jonas/datasets/CT_nofx/derivatives/sub-ctsr01051/ses-20210616/sub-ctsr01051_ses-20210616_sequ-34_space-aligASL_ct.nii.gz,766.5653,695.47986,613.76917,574.6203,686.9224
735,/mnt/8tb_slot8/jonas/datasets/CT_nofx/derivatives/sub-ctsr00381/ses-20161002/sub-ctsr00381_ses-20161002_sequ-14_space-aligASL_ct.nii.gz,785.954,732.74506,671.56067,608.5553,793.3567
736,/mnt/8tb_slot8/jonas/datasets/CT_nofx/derivatives/sub-ctsr00245/ses-20150423/sub-ctsr00245_ses-20150423_sequ-15_space-aligASL_ct.nii.gz,434.26605,439.97754,433.35895,412.25394,476.97797
737,/mnt/8tb_slot8/jonas/datasets/CT_nofx/derivatives/sub-ctsr00685/ses-20140508/sub-ctsr00685_ses-20140508_sequ-11_space-aligASL_ct.nii.gz,323.0122,320.74435,322.3765,314.06845,388.8775
738,/mnt/8tb_slot8/jonas/datasets/CT_nofx/derivatives/sub-ctsr02439/ses-20140222/sub-ctsr02439_ses-20140222_sequ-5_space-aligASL_ct.nii.gz,907.6803,803.279,776.62274,669.577,906.9149
739,/mnt/8tb_slot8/jonas/datasets/CT_nofx/derivatives/sub-ctsr00308/ses-20180508/sub-ctsr00308_ses-20180508_sequ-13_space-aligASL_ct.nii.gz,707.1585,667.53174,618.9223,614.4233,724.7398
740,/mnt/8tb_slot8/jonas/datasets/CT_nofx/derivatives/sub-ctsr02076/ses-20180910/sub-ctsr02076_ses-20180910_sequ-16_space-aligASL_ct.nii.gz,919.96246,878.2391,832.54364,769.8004,947.27875
741,/mnt/8tb_slot8/jonas/datasets/CT_nofx/derivatives/sub-ctsr00849/ses-20170812/sub-ctsr00849_ses-20170812_sequ-18_space-aligASL_ct.nii.gz,791.4849,771.3742,710.59045,648.80475,835.2168
742,/mnt/8tb_slot8/jonas/datasets/CT_nofx/derivatives/sub-ctsr00131/ses-20120523/sub-ctsr00131_ses-20120523_sequ-1203_space-aligASL_ct.nii.gz,702.54834,637.994,591.42444,593.2603,949.5762
743,/mnt/8tb_slot8/jonas/datasets/CT_nofx/derivatives/sub-ctsr00126/ses-20140412/sub-ctsr00126_ses-20140412_sequ-13_space-aligASL_ct.nii.gz,292.33658,285.5547,304.4885,340.49884,540.6659
744,/mnt/8tb_slot8/jonas/datasets/CT_nofx/derivatives/sub-ctsr00770/ses-20210412/sub-ctsr00770_ses-20210412_sequ-18_space-aligASL_ct.nii.gz,573.3204,544.51514,510.92337,431.61343,578.9976
745,/mnt/8tb_slot8/jonas/datasets/CT_nofx/derivatives/sub-ctsr00948/ses-20170928/sub-ctsr00948_ses-20170928_sequ-10_space-aligASL_ct.nii.gz,590.36145,551.1736,510.66418,453.74,706.2836
746,/mnt/8tb_slot8/jonas/datasets/CT_nofx/derivatives/sub-ctsr02495/ses-20060312/sub-ctsr02495_ses-20060312_sequ-4_space-aligASL_ct.nii.gz,678.4066,601.36176,671.2946,682.9201,1089.4432
747,/mnt/8tb_slot8/jonas/datasets/CT_nofx/derivatives/sub-ctsr00184/ses-20200729/sub-ctsr00184_ses-20200729_sequ-25_space-aligASL_ct.nii.gz,617.039,545.3971,506.73563,442.52267,698.9351
748,/mnt/8tb_slot8/jonas/datasets/CT_nofx/derivatives/sub-ctsr00470/ses-20110627/sub-ctsr00470_ses-20110627_sequ-14_space-aligASL_ct.nii.gz,373.5651,331.20648,302.7439,257.97845,378.0466
749,/mnt/8tb_slot8/jonas/datasets/CT_nofx/derivatives/sub-ctsr01613/ses-20161111/sub-ctsr01613_ses-20161111_sequ-14_space-aligASL_ct.nii.gz,713.3565,656.8139,635.2203,644.91266,803.47754
750,/mnt/8tb_slot8/jonas/datasets/CT_nofx/derivatives/sub-ctsr00382/ses-20161221/sub-ctsr00382_ses-20161221_sequ-15_space-aligASL_ct.nii.gz,541.0443,492.22235,457.52097,412.18475,587.65326
751,/mnt/8tb_slot8/jonas/datasets/CT_nofx/derivatives/sub-ctsr01010/ses-20210531/sub-ctsr01010_ses-20210531_sequ-16_space-aligASL_ct.nii.gz,538.35016,525.40137,508.662,482.2948,593.2006
752,/mnt/8tb_slot8/jonas/datasets/CT_nofx/derivatives/sub-ctsr00281/ses-20160716/sub-ctsr00281_ses-20160716_sequ-12_space-aligASL_ct.nii.gz,943.19366,837.49133,739.3437,707.178,941.1016
753,/mnt/8tb_slot8/jonas/datasets/CT_nofx/derivatives/sub-ctsr00510/ses-20120822/sub-ctsr00510_ses-20120822_sequ-10_space-aligASL_ct.nii.gz,279.02606,279.40887,288.80182,279.3917,387.51605
754,/mnt/8tb_slot8/jonas/datasets/CT_nofx/derivatives/sub-ctsr01166/ses-20170212/sub-ctsr01166_ses-20170212_sequ-14_space-aligASL_ct.nii.gz,713.06213,662.3783,505.4144,575.4944,781.86084
755,/mnt/8tb_slot8/jonas/datasets/CT_nofx/derivatives/sub-ctsr00209/ses-20130923/sub-ctsr00209_ses-20130923_sequ-9_space-aligASL_ct.nii.gz,424.9194,424.07996,383.40308,386.1505,474.6283
756,/mnt/8tb_slot8/jonas/datasets/CT_nofx/derivatives/sub-ctsr02498/ses-20210430/sub-ctsr02498_ses-20210430_sequ-13_space-aligASL_ct.nii.gz,740.33356,678.6912,628.4424,591.76514,561.915
757,/mnt/8tb_slot8/jonas/datasets/CT_nofx/derivatives/sub-ctsr01174/ses-20141009/sub-ctsr01174_ses-20141009_sequ-22_space-aligASL_ct.nii.gz,718.1415,654.7026,598.8242,603.79395,922.6275
758,/mnt/8tb_slot8/jonas/datasets/CT_nofx/derivatives/sub-ctsr00595/ses-20200111/sub-ctsr00595_ses-20200111_sequ-20_space-aligASL_ct.nii.gz,649.95764,605.49817,554.6547,481.94543,585.17053
759,/mnt/8tb_slot8/jonas/datasets/CT_nofx/derivatives/sub-ctsr00658/ses-20101105/sub-ctsr00658_ses-20101105_sequ-15_space-aligASL_ct.nii.gz,300.8893,321.1376,305.5193,284.86276,378.1392
760,/mnt/8tb_slot8/jonas/datasets/CT_nofx/derivatives/sub-ctsr02376/ses-20161130/sub-ctsr02376_ses-20161130_sequ-15_space-aligASL_ct.nii.gz,1437.5723,1269.2203,1100.1044,974.6511,1135.5548
761,/mnt/8tb_slot8/jonas/datasets/CT_nofx/derivatives/sub-ctsr00276/ses-20171228/sub-ctsr00276_ses-20171228_sequ-21_space-aligASL_ct.nii.gz,554.18536,526.3745,496.5273,463.90158,539.70496
762,/mnt/8tb_slot8/jonas/datasets/CT_nofx/derivatives/sub-ctsr00394/ses-20120820/sub-ctsr00394_ses-20120820_sequ-8_space-aligASL_ct.nii.gz,1353.0684,1177.9078,997.5926,932.9201,1291.275
763,/mnt/8tb_slot8/jonas/datasets/CT_nofx/derivatives/sub-ctsr01021/ses-20180912/sub-ctsr01021_ses-20180912_sequ-4_space-aligASL_ct.nii.gz,581.85846,565.4527,535.45215,557.84863,741.6926
764,/mnt/8tb_slot8/jonas/datasets/CT_nofx/derivatives/sub-ctsr01890/ses-20210318/sub-ctsr01890_ses-20210318_sequ-16_space-aligASL_ct.nii.gz,698.0891,697.42474,735.5796,737.44293,670.3855
765,/mnt/8tb_slot8/jonas/datasets/CT_nofx/derivatives/sub-ctsr00086/ses-20150319/sub-ctsr00086_ses-20150319_sequ-10_space-aligASL_ct.nii.gz,909.573,942.17255,815.20825,662.9154,836.6011
766,/mnt/8tb_slot8/jonas/datasets/CT_nofx/derivatives/sub-ctsr00037/ses-20180204/sub-ctsr00037_ses-20180204_sequ-14_space-aligASL_ct.nii.gz,608.6263,572.80865,521.63324,454.50235,406.94238
767,/mnt/8tb_slot8/jonas/datasets/CT_nofx/derivatives/sub-ctsr01379/ses-20160511/sub-ctsr01379_ses-20160511_sequ-12_space-aligASL_ct.nii.gz,335.9986,304.6048,295.94272,352.9322,506.23624
768,/mnt/8tb_slot8/jonas/datasets/CT_nofx/derivatives/sub-ctsr00976/ses-20201116/sub-ctsr00976_ses-20201116_sequ-21_space-aligASL_ct.nii.gz,592.2944,534.1324,496.0846,449.6298,568.6796
769,/mnt/8tb_slot8/jonas/datasets/CT_nofx/derivatives/sub-ctsr01172/ses-20150401/sub-ctsr01172_ses-20150401_sequ-8_space-aligASL_ct.nii.gz,356.47153,270.56744,284.89777,338.86475,440.8555
770,/mnt/8tb_slot8/jonas/datasets/CT_nofx/derivatives/sub-ctsr00424/ses-20161011/sub-ctsr00424_ses-20161011_sequ-10_space-aligASL_ct.nii.gz,605.3399,551.5538,545.3095,582.3541,749.8101
771,/mnt/8tb_slot8/jonas/datasets/CT_nofx/derivatives/sub-ctsr00835/ses-20210516/sub-ctsr00835_ses-20210516_sequ-13_space-aligASL_ct.nii.gz,435.87936,406.02255,386.87872,391.35403,561.8654
772,/mnt/8tb_slot8/jonas/datasets/CT_nofx/derivatives/sub-ctsr00215/ses-20120329/sub-ctsr00215_ses-20120329_sequ-6_space-aligASL_ct.nii.gz,562.92365,596.5362,530.8061,406.53903,607.5015
